DD/DD/DD	1	0.52021084589892	327	899

DD/DD/DD	2	0.465888934370309	351	792

DD/DD/DD	3	0.501237412527735	188	451

DD/DD/DD	4	0.490512933568489	108	268

DD/DD/DD	5	0.446839159555923	174	422

DD/DD/DD	6	0.462626402046688	4152	10320

DD/DD/DD	7	0.474405902207627	1396	3455

DD/DD/DD	8	0.492607844993531	503	1407

DD/DD/DD	9	0.461015362355845	377	894

DD/DD/DD	10	0.481316137566138	146	328

DD/DD/DD	11	0.477146927146927	312	761

DD/DD/DD	12	0.529900877369232	237	694

DD/DD/DD	13	0.473396321491559	315	728

DD/DD/DD	14	0.526095925734914	277	766

DD/DD/DD	15	0.456855867346939	224	497

DD/DD/DD	16	0.435811287477954	452	1009

DD/DD/DD	17	0.454910714285714	257	572

DD/DD/DD	18	0.539338261941002	221	633

DD/DD/DD	19	0.542588744588745	151	404

DD/DD/DD	20	0.477229726656661	351	787

DD/DD/DD	21	0.45938294330031	5748	14267

DD/DD/DD	22	0.453740679749325	697	1721

DD/DD/DD	23	0.48519454979632	340	893

DD/DD/DD	24	0.46468253968254	68	148

DD/DD/DD	25	0.530193236714976	255	703

DD/DD/DD	26	0.492633159570514	431	1162

DD/DD/DD	27	0.514969744803999	363	1030

DD/DD/DD	28	0.480054856514	258	703

DD/DD/DD	29	0.509178664140497	393	1161

DD/DD/DD	30	0.486727081125421	242	614

DD/DD/DD	31	0.451562775753424	557	1497

DD/DD/DD	32	0.581672630516561	173	475

DD/DD/DD	33	0.485683581651324	435	1237

DD/DD/DD	34	0.478147423352903	220	492

DD/DD/DD	35	0.46112042079784	344	802

DD/DD/DD	36	0.467278834173032	294	693

DD/DD/DD	37	0.454512770020289	534	1217

DD/DD/DD	38	0.534807659718692	284	694

DD/DD/DD	39	0.433260908926308	263	628

DD/DD/DD	40	0.519318264940385	218	582

DD/DD/DD	41	0.557681480835843	447	1382

DD/DD/DD	42	0.428820165653769	620	1355

DD/DD/DD	43	0.510743954902834	216	521

DD/DD/DD	44	0.516280462346452	394	1101

DD/DD/DD	45	0.461417570328461	101	222

DD/DD/DD	46	0.494423473996645	492	1197

DD/DD/DD	47	0.538604372566637	216	547

DD/DD/DD	48	0.446419552669553	440	1043

DD/DD/DD	49	0.529779158040028	208	584

DD/DD/DD	50	0.388835978835979	240	533

DD/DD/DD	51	0.469108669108669	442	1069

DD/DD/DD	52	0.487357830271216	254	708

DD/DD/DD	53	0.448622589531681	123	279

DD/DD/DD	54	0.445525972580081	500	1154

DD/DD/DD	55	0.503441404426626	611	1879

DD/DD/DD	56	0.476392830863029	302	740

DD/DD/DD	57	0.485645392416225	290	653

DD/DD/DD	58	0.514766515181453	241	646

DD/DD/DD	59	0.465337701075956	298	978

DD/DD/DD	60	0.428258439526045	498	1199

DD/DD/DD	61	0.538666279519938	165	419

DD/DD/DD	62	0.506307887848586	346	972

DD/DD/DD	63	0.515195226509095	138	347

DD/DD/DD	64	0.442762714150816	355	837

DD/DD/DD	65	0.528982426303855	168	423

DD/DD/DD	66	0.523271455474846	355	985

DD/DD/DD	67	0.477721088435374	252	599

DD/DD/DD	68	0.439060545189577	775	2093

DD/DD/DD	69	0.474192665571976	349	854

DD/DD/DD	70	0.50353835978836	144	331

DD/DD/DD	71	0.469741804467653	384	954

DD/DD/DD	72	0.380130166891092	390	864

DD/DD/DD	73	0.448988830099942	540	1264

DD/DD/DD	74	0.452053367779174	124	295

DD/DD/DD	75	0.490633176347462	274	619

DD/DD/DD	76	0.501310252885056	381	1027

DD/DD/DD	77	0.528951504844362	224	613

DD/DD/DD	78	0.434840265220012	80	177

DD/DD/DD	79	0.510213298509087	1021	2889

DD/DD/DD	80	0.522427511101544	182	492

DD/DD/DD	81	0.507838324333169	292	770

DD/DD/DD	82	0.4502035002035	275	660

DD/DD/DD	83	0.458768991796515	329	756

DD/DD/DD	84	0.479845848595848	314	731

DD/DD/DD	85	0.441630291005292	481	1146

DD/DD/DD	86	0.438769684421858	255	580

DD/DD/DD	87	0.460908593322386	291	667

DD/DD/DD	88	0.430445795339412	95	184

DD/DD/DD	89	0.472609819121447	388	967

DD/DD/DD	90	0.476735418052784	504	1160

DD/DD/DD	91	0.458884611728923	336	795

DD/DD/DD	92	0.443361992945326	361	811

DD/DD/DD	93	0.540417280176316	499	1575

DD/DD/DD	94	0.517693722001816	383	1144

DD/DD/DD	95	0.553711566211566	416	1331

DD/DD/DD	96	0.490258514409	413	1131

DD/DD/DD	97	0.47705525606469	212	494

DD/DD/DD	98	0.46007042993798	152	380

DD/DD/DD	99	0.566940489229646	166	443

DD/DD/DD	100	0.523248448463349	349	1005

DD/DD/DD	101	0.468803817823426	306	728

DD/DD/DD	102	0.484270380782009	561	1422

DD/DD/DD	103	0.443183587900569	265	647

DD/DD/DD	104	0.495378710298065	372	999

DD/DD/DD	105	0.54006115577544	423	1192

DD/DD/DD	106	0.448112136070252	574	1355

DD/DD/DD	107	0.492637362637363	130	292

DD/DD/DD	108	0.458893169992756	483	1137

DD/DD/DD	109	0.474368686868687	132	315

DD/DD/DD	110	0.532333853399844	394	1137

DD/DD/DD	111	0.488982743858263	483	1520

DD/DD/DD	112	0.482378565461272	266	631

DD/DD/DD	113	0.442659305268001	347	853

DD/DD/DD	114	0.447174411933448	334	761

DD/DD/DD	115	0.513352286188107	336	946

DD/DD/DD	116	0.447124887690925	268	588

DD/DD/DD	117	0.506128189672494	316	748

DD/DD/DD	118	0.484829931972789	455	1120

DD/DD/DD	119	0.54453591606134	296	793

DD/DD/DD	120	0.509571529033554	317	875

DD/DD/DD	121	0.465739939073272	316	783

DD/DD/DD	122	0.504919825072887	392	1071

DD/DD/DD	123	0.495204280542626	399	939

DD/DD/DD	124	0.503871467286101	207	549

DD/DD/DD	125	0.517676767676768	243	674

DD/DD/DD	126	0.526949343891493	363	1066

DD/DD/DD	127	0.529486144740382	119	335

DD/DD/DD	128	0.520287849284132	269	780

DD/DD/DD	129	0.413147159175196	214	477

DD/DD/DD	130	0.464655636265805	241	553

DD/DD/DD	131	0.542432950191571	58	154

DD/DD/DD	132	0.562425396825396	252	681

DD/DD/DD	133	0.462146636432351	316	806

DD/DD/DD	134	0.513848304473304	177	394

DD/DD/DD	135	0.524826693576694	296	879

DD/DD/DD	136	0.47681586705977	534	1276

DD/DD/DD	137	0.418880800727935	158	360

DD/DD/DD	138	0.536641521294987	102	259

DD/DD/DD	139	0.468192750010932	364	915

DD/DD/DD	140	0.449883938124513	560	1355

DD/DD/DD	141	0.485321168966029	322	882

DD/DD/DD	142	0.447101930202975	288	645

DD/DD/DD	143	0.487933032093617	414	1044

DD/DD/DD	144	0.506220939554273	288	757

DD/DD/DD	145	0.524965715288296	404	1160

DD/DD/DD	146	0.484100122100122	327	753

DD/DD/DD	147	0.586644219977553	99	317

DD/DD/DD	148	0.508149906488275	334	969

DD/DD/DD	149	0.486995216059256	406	1250

DD/DD/DD	150	0.493512544802868	310	746

DD/DD/DD	151	0.542349996706843	241	623

DD/DD/DD	152	0.456591437236599	405	884

DD/DD/DD	153	0.519121251655498	292	794

DD/DD/DD	154	0.437874620365595	278	647

DD/DD/DD	155	0.45803279139501	580	1394

DD/DD/DD	156	0.478472222222222	272	641

DD/DD/DD	157	0.445566239316239	208	467

DD/DD/DD	158	0.468964514252473	383	928

DD/DD/DD	159	0.471931543536482	729	1999

DD/DD/DD	160	0.439095141602741	660	1540

DD/DD/DD	161	0.43932743431521	410	970

DD/DD/DD	162	0.49088669950739	295	741

DD/DD/DD	163	0.467511459635565	419	1116

DD/DD/DD	164	0.483651081531381	402	936

DD/DD/DD	165	0.488770356627499	309	806

DD/DD/DD	166	0.523368388857519	553	1597

DD/DD/DD	167	0.520022961628801	411	1260

DD/DD/DD	168	0.47168458781362	124	317

DD/DD/DD	169	0.521466528640442	230	602

DD/DD/DD	170	0.511120062059912	267	779

DD/DD/DD	171	0.434343210968598	323	716

DD/DD/DD	172	0.489830195644149	129	309

DD/DD/DD	173	0.49541511771995	269	763

DD/DD/DD	174	0.375864875864876	118	229

DD/DD/DD	175	0.538231487158526	234	627

DD/DD/DD	176	0.373874674247809	136	282

DD/DD/DD	177	0.50274766008711	436	1153

DD/DD/DD	178	0.486910403972015	212	501

DD/DD/DD	179	0.576780151312861	214	605

DD/DD/DD	180	0.519134106634106	156	444

DD/DD/DD	181	0.427848101265823	158	336

DD/DD/DD	182	0.479369416254662	183	471

DD/DD/DD	183	0.52141505346923	446	1274

DD/DD/DD	184	0.470357720357721	484	1128

DD/DD/DD	185	0.451500135625355	510	2278

DD/DD/DD	186	0.471579961524096	538	1839

DD/DD/DD	187	0.451154849988443	645	1511

DD/DD/DD	188	0.540251756440281	245	720

DD/DD/DD	189	0.527858337981038	490	1397

DD/DD/DD	190	0.51241256622936	394	1129

DD/DD/DD	191	0.513707869511441	449	1299

DD/DD/DD	192	0.458880890857635	262	646

DD/DD/DD	193	0.500148809523809	194	435

DD/DD/DD	194	0.504752304147466	498	1319

DD/DD/DD	195	0.472378930340714	315	758

DD/DD/DD	196	0.450610909323183	2495	6564

DD/DD/DD	197	0.562031139419675	157	422

DD/DD/DD	198	0.452815492588221	485	1130

DD/DD/DD	199	0.473412220885144	841	1902

DD/DD/DD	200	0.510116624668863	270	786

DD/DD/DD	201	0.482026038879972	447	1041

DD/DD/DD	202	0.472619047619047	243	554

DD/DD/DD	203	0.511638451882355	492	1392

DD/DD/DD	204	0.44935064935065	540	1317

DD/DD/DD	205	0.462750416469105	551	1969

DD/DD/DD	206	0.442387431162942	640	1512

DD/DD/DD	207	0.555436101793718	152	446

DD/DD/DD	208	0.483539061247395	721	1755

DD/DD/DD	209	0.483179563492064	162	368

DD/DD/DD	210	0.45568783068783	180	398

DD/DD/DD	211	0.500342172797262	167	378

DD/DD/DD	212	0.524749622071051	168	505

DD/DD/DD	213	0.492773995933847	269	736

DD/DD/DD	214	0.473135464231355	365	924

DD/DD/DD	215	0.493210565476191	385	1021

DD/DD/DD	216	0.512258884306128	381	1055

DD/DD/DD	217	0.484088689088689	131	388

DD/DD/DD	218	0.52009037191519	137	295

DD/DD/DD	219	0.422815200491738	440	982

DD/DD/DD	220	0.549500825971414	222	725

DD/DD/DD	221	0.458121599641034	283	709

DD/DD/DD	222	0.460181919132537	487	1112

DD/DD/DD	223	0.395935467851052	310	993

DD/DD/DD	224	0.465096780614022	320	778

DD/DD/DD	225	0.47271901126863	394	934

DD/DD/DD	226	0.448389217619987	508	1272

DD/DD/DD	227	0.459855179185076	196	441

DD/DD/DD	228	0.495673392683359	302	763

DD/DD/DD	229	0.496553968253969	500	1201

DD/DD/DD	230	0.534306678646301	213	627

DD/DD/DD	231	0.432258566991391	395	1327

DD/DD/DD	232	0.390036014405762	358	789

DD/DD/DD	233	0.394742063492064	601	1344

DD/DD/DD	234	0.52825080156751	401	1135

DD/DD/DD	235	0.49808824715657	162	407

DD/DD/DD	236	0.471748591909882	186	432

DD/DD/DD	237	0.400198412698413	419	870

DD/DD/DD	238	0.536887835703001	212	581

DD/DD/DD	239	0.516448340702814	504	1422

DD/DD/DD	240	0.48817796028593	389	1088

DD/DD/DD	241	0.525378538512179	219	582

DD/DD/DD	242	0.47518031898873	1284	3303

DD/DD/DD	243	0.406238095238095	250	600

DD/DD/DD	244	0.51953918822431	291	822

DD/DD/DD	245	0.434742572242572	469	1134

DD/DD/DD	246	0.506273876782351	295	784

DD/DD/DD	247	0.475070930143394	209	520

DD/DD/DD	248	0.473705030601582	321	729

DD/DD/DD	249	0.425069444444445	401	926

DD/DD/DD	250	0.487273867880486	545	1300

DD/DD/DD	251	0.506807390140724	468	1342

DD/DD/DD	252	0.489661790642183	463	1064

DD/DD/DD	253	0.487710035199575	240	631

DD/DD/DD	254	0.438629446994109	533	1244

DD/DD/DD	255	0.539667910174822	217	600

DD/DD/DD	256	0.563301467051467	120	351

DD/DD/DD	257	0.440582884097036	425	970

DD/DD/DD	258	0.418888888888889	162	327

DD/DD/DD	259	0.531185259706387	427	1245

DD/DD/DD	260	0.481797235023041	312	727

DD/DD/DD	261	0.456264668029374	629	1526

DD/DD/DD	262	0.503117913832199	128	331

DD/DD/DD	263	0.508893927941547	190	501

DD/DD/DD	264	0.458080808080809	386	908

DD/DD/DD	265	0.495217418964914	499	1292

DD/DD/DD	266	0.496462802373345	314	742

DD/DD/DD	267	0.472643730538467	211	531

DD/DD/DD	268	0.451345293129778	803	2774

DD/DD/DD	269	0.47114303700706	354	790

DD/DD/DD	270	0.438847590318179	444	1026

DD/DD/DD	271	0.445293163050172	322	757

DD/DD/DD	272	0.471575794496903	476	1231

DD/DD/DD	273	0.463871330243012	456	1131

DD/DD/DD	274	0.516629874908021	302	838

DD/DD/DD	275	0.446668596516621	331	721

DD/DD/DD	276	0.50828488372093	345	825

DD/DD/DD	277	0.45858024691358	271	669

DD/DD/DD	278	0.485842620736238	471	1151

DD/DD/DD	279	0.465004781028878	415	1040

DD/DD/DD	280	0.519251394251394	296	889

DD/DD/DD	281	0.473125450048528	512	1218

DD/DD/DD	282	0.474895553020554	592	1662

DD/DD/DD	283	0.461156165522977	231	518

DD/DD/DD	284	0.500764436654007	327	858

DD/DD/DD	285	0.457871276364427	220	520

DD/DD/DD	286	0.472163006616788	358	878

DD/DD/DD	287	0.446646746347942	504	1199

DD/DD/DD	288	0.523984072437681	293	868

DD/DD/DD	289	0.477050442818637	372	872

DD/DD/DD	290	0.54065882034632	352	977

DD/DD/DD	291	0.491478856173513	262	737

DD/DD/DD	292	0.532096714654854	173	498

DD/DD/DD	293	0.470651416840793	438	1042

DD/DD/DD	294	0.445479760531663	1160	2742

DD/DD/DD	295	0.512197779544718	197	533

DD/DD/DD	296	0.483855606758832	157	360

DD/DD/DD	297	0.3750481000481	198	424

DD/DD/DD	298	0.438020378161224	427	1039

DD/DD/DD	299	0.468796673262523	571	1592

DD/DD/DD	300	0.457137085137085	277	629

DD/DD/DD	301	0.449050836550837	445	1063

DD/DD/DD	302	0.512954844994556	555	1494

DD/DD/DD	303	0.466319444444444	209	534

DD/DD/DD	304	0.440826968875749	370	940

DD/DD/DD	305	0.456830554122973	278	612

DD/DD/DD	306	0.523184321347586	245	657

DD/DD/DD	307	0.510006418000605	344	1030

DD/DD/DD	308	0.462478839102215	232	559

DD/DD/DD	309	0.47734440267335	306	746

DD/DD/DD	310	0.48240990316462	636	1494

DD/DD/DD	311	0.485242733457019	308	737

DD/DD/DD	312	0.452791116446578	239	572

DD/DD/DD	313	0.404105101992427	639	1494

DD/DD/DD	314	0.503078333769977	347	946

DD/DD/DD	315	0.482871357498224	404	933

DD/DD/DD	316	0.514533599180902	241	610

DD/DD/DD	317	0.493384306154443	1019	2831

DD/DD/DD	318	0.522890740169359	464	1340

DD/DD/DD	319	0.442627728174603	259	613

DD/DD/DD	320	0.450574130361364	236	570

DD/DD/DD	321	0.452631167409492	205	457

DD/DD/DD	322	0.452972399150743	157	329

DD/DD/DD	323	0.52314426090861	664	1848

DD/DD/DD	324	0.464593698175788	135	301

DD/DD/DD	325	0.409170805336449	327	702

DD/DD/DD	326	0.439669068624765	317	789

DD/DD/DD	327	0.498573356468093	248	615

DD/DD/DD	328	0.548070210103405	242	706

DD/DD/DD	329	0.463425263224863	499	1236

DD/DD/DD	330	0.484119913741295	449	1178

DD/DD/DD	331	0.450239940937615	131	295

DD/DD/DD	332	0.475777649769585	252	653

DD/DD/DD	333	0.49908400777966	257	623

DD/DD/DD	334	0.514702491797464	180	482

DD/DD/DD	335	0.543788706739526	305	827

DD/DD/DD	336	0.499929138321995	168	436

DD/DD/DD	337	0.496638358103326	159	421

DD/DD/DD	338	0.424118678479144	516	1380

DD/DD/DD	339	0.479956035171862	282	631

DD/DD/DD	340	0.525112469230116	188	502

DD/DD/DD	341	0.52347790446382	214	510

DD/DD/DD	342	0.42303408795212	312	687

DD/DD/DD	343	0.389669942050895	189	436

DD/DD/DD	344	0.479029142521206	190	425

DD/DD/DD	345	0.427607538483672	336	742

DD/DD/DD	346	0.483097718253968	192	463

DD/DD/DD	347	0.469437332878193	280	709

DD/DD/DD	348	0.478338601679074	469	1119

DD/DD/DD	349	0.472279038386419	897	2087

DD/DD/DD	350	0.469769449522647	1103	2558

DD/DD/DD	351	0.499529688418577	297	726

DD/DD/DD	352	0.435116713352007	257	605

DD/DD/DD	353	0.498809523809524	272	739

DD/DD/DD	354	0.432225529100529	240	558

DD/DD/DD	355	0.483262538192115	213	480

DD/DD/DD	356	0.435959183673469	175	397

DD/DD/DD	357	0.503483282964415	213	535

DD/DD/DD	358	0.500801356141162	725	1751

DD/DD/DD	359	0.533804043179043	208	577

DD/DD/DD	360	0.446097745605942	306	722

DD/DD/DD	361	0.507181889149102	123	290

DD/DD/DD	362	0.533577215608466	192	504

DD/DD/DD	363	0.472893183038111	414	1023

DD/DD/DD	364	0.464679510481038	394	931

DD/DD/DD	365	0.484928651595318	99	239

DD/DD/DD	366	0.434999656428227	338	767

DD/DD/DD	367	0.551217739003999	263	689

DD/DD/DD	368	0.472546583850932	116	271

DD/DD/DD	369	0.477246356632321	343	845

DD/DD/DD	370	0.470684523809524	419	1051

DD/DD/DD	371	0.470882936507937	257	631

DD/DD/DD	372	0.453841347144919	336	921

DD/DD/DD	373	0.491833902321707	616	1650

DD/DD/DD	374	0.462360034453057	259	658

DD/DD/DD	375	0.451941158629057	471	1100

DD/DD/DD	376	0.382610968539112	167	353

DD/DD/DD	377	0.461470205568566	307	682

DD/DD/DD	378	0.509653385163589	148	372

DD/DD/DD	379	0.465195884447962	362	814

DD/DD/DD	380	0.487755666113875	404	977

DD/DD/DD	381	0.511299811299811	145	416

DD/DD/DD	382	0.464978243549672	260	689

DD/DD/DD	383	0.481244522348817	164	352

DD/DD/DD	384	0.453861927546139	418	995

DD/DD/DD	385	0.505333178636346	442	1279

DD/DD/DD	386	0.485370280080178	294	701

DD/DD/DD	387	0.461646825396825	360	841

DD/DD/DD	388	0.509464640426984	478	1357

DD/DD/DD	389	0.439546485260771	351	772

DD/DD/DD	390	0.485097001763669	405	982

DD/DD/DD	391	0.439358974358974	131	293

DD/DD/DD	392	0.523893191814879	333	963

DD/DD/DD	393	0.455900919445588	348	847

DD/DD/DD	394	0.455133128520225	124	311

DD/DD/DD	395	0.513956013582879	403	962

DD/DD/DD	396	0.444983476894739	294	688

DD/DD/DD	397	0.470737002530481	553	1401

DD/DD/DD	398	0.473286679536679	297	680

DD/DD/DD	399	0.462846594333936	316	706

DD/DD/DD	400	0.468329397874852	242	564

DD/DD/DD	401	0.460253818508535	214	464

DD/DD/DD	402	0.484117001098133	159	386

DD/DD/DD	403	0.541395891690009	341	949

DD/DD/DD	404	0.454788590405029	366	934

DD/DD/DD	405	0.485859602056785	287	641

DD/DD/DD	406	0.462746806039489	247	558

DD/DD/DD	407	0.472271825396825	97	209

DD/DD/DD	408	0.531326592147488	269	815

DD/DD/DD	409	0.479413388543823	807	1948

DD/DD/DD	410	0.531221515008644	406	1072

DD/DD/DD	411	0.471657100340136	449	1102

DD/DD/DD	412	0.420229276895944	136	315

DD/DD/DD	413	0.429224135038089	474	1087

DD/DD/DD	414	0.484087091626774	378	947

DD/DD/DD	415	0.54178835978836	150	427

DD/DD/DD	416	0.480978280978281	351	984

DD/DD/DD	417	0.536602357984995	312	874

DD/DD/DD	418	0.420680573114201	226	506

DD/DD/DD	419	0.48440350499174	222	535

DD/DD/DD	420	0.479334157905587	155	373

DD/DD/DD	421	0.50077429345722	123	289

DD/DD/DD	422	0.574487030584592	164	473

DD/DD/DD	423	0.463250517598345	484	1181

DD/DD/DD	424	0.420596393897365	104	213

DD/DD/DD	425	0.480813807004283	315	777

DD/DD/DD	426	0.46589627303913	273	644

DD/DD/DD	427	0.423393341076268	164	369

DD/DD/DD	428	0.461088911088911	144	343

DD/DD/DD	429	0.495641355641356	185	489

DD/DD/DD	430	0.45175950883498	212	531

DD/DD/DD	431	0.46225356384592	315	711

DD/DD/DD	432	0.492756821829855	357	871

DD/DD/DD	433	0.488326551755123	525	1757

DD/DD/DD	434	0.502102478418268	171	450

DD/DD/DD	435	0.526047098091826	313	927

DD/DD/DD	436	0.460875632304204	366	895

DD/DD/DD	437	0.43490280007134	357	813

DD/DD/DD	438	0.519717906101835	225	549

DD/DD/DD	439	0.443512366186784	259	614

DD/DD/DD	440	0.537026014109347	216	620

DD/DD/DD	441	0.496715250561404	678	1903

DD/DD/DD	442	0.455589365791159	447	1032

DD/DD/DD	443	0.469264906271867	431	1058

DD/DD/DD	444	0.453350360214925	539	1393

DD/DD/DD	445	0.508068444769212	392	1007

DD/DD/DD	446	0.387114966572331	387	872

DD/DD/DD	447	0.454422123015873	323	691

DD/DD/DD	448	0.53092469545958	346	911

DD/DD/DD	449	0.460212979706651	395	939

DD/DD/DD	450	0.469295290931907	723	1827

DD/DD/DD	451	0.509938627680563	404	1146

DD/DD/DD	452	0.389202059202059	186	393

DD/DD/DD	453	0.522234623015873	320	938

DD/DD/DD	454	0.513811487387437	316	859

DD/DD/DD	455	0.51686133572926	213	515

DD/DD/DD	456	0.467286366601435	293	657

DD/DD/DD	457	0.481039186507937	321	778

DD/DD/DD	458	0.4515514977921	399	946

DD/DD/DD	459	0.427342995169082	116	258

DD/DD/DD	460	0.497997376916868	473	1164

DD/DD/DD	461	0.417910906298002	311	685

DD/DD/DD	462	0.490576834598574	277	643

DD/DD/DD	463	0.391784147869674	305	643

DD/DD/DD	464	0.465866240358626	394	964

DD/DD/DD	465	0.477908312447786	154	361

DD/DD/DD	466	0.456440281030445	61	115

DD/DD/DD	467	0.468519984170954	361	870

DD/DD/DD	468	0.391939484126984	352	834

DD/DD/DD	469	0.478994021851165	78	184

DD/DD/DD	470	0.522102251753415	86	216

DD/DD/DD	471	0.528784648187633	201	474

DD/DD/DD	472	0.426591810966811	353	798

DD/DD/DD	473	0.489615322948657	585	1587

DD/DD/DD	474	0.465285714285714	50	110

DD/DD/DD	475	0.457138590203107	372	895

DD/DD/DD	476	0.476106502642815	537	1436

DD/DD/DD	477	0.513440623162845	217	634

DD/DD/DD	478	0.49203681472589	240	595

DD/DD/DD	479	0.518359110025777	235	545

DD/DD/DD	480	0.495015810400426	508	1382

DD/DD/DD	481	0.411367781155015	236	504

DD/DD/DD	482	0.43987073532528	858	2025

DD/DD/DD	483	0.535326213818861	272	760

DD/DD/DD	484	0.482911571275627	436	1151

DD/DD/DD	485	0.522046605173156	405	1275

DD/DD/DD	486	0.47874995581009	450	1005

DD/DD/DD	487	0.440883999006742	834	1893

DD/DD/DD	488	0.381590848629955	359	877

DD/DD/DD	489	0.501755952380952	162	391

DD/DD/DD	490	0.425032262227384	251	582

DD/DD/DD	491	0.514375031899148	312	787

DD/DD/DD	492	0.487361629658741	727	1962

DD/DD/DD	493	0.423980791188126	710	1636

DD/DD/DD	494	0.444054288382019	238	536

DD/DD/DD	495	0.48492673992674	260	680

DD/DD/DD	496	0.456122996702707	207	529

DD/DD/DD	497	0.498913194594257	903	2453

DD/DD/DD	498	0.488960689283791	623	1475

DD/DD/DD	499	0.484804053448121	178	433

DD/DD/DD	500	0.474349494405991	532	1245

DD/DD/DD	501	0.492683242683243	429	1166

DD/DD/DD	502	0.567111515519159	157	419

DD/DD/DD	503	0.458654761904762	200	442

DD/DD/DD	504	0.487195539135194	232	613

DD/DD/DD	505	0.476477199645138	655	2279

DD/DD/DD	506	0.501963924963925	550	1512

DD/DD/DD	507	0.481102531102531	370	960

DD/DD/DD	508	0.526702545185035	514	1546

DD/DD/DD	509	0.486306562425965	335	903

DD/DD/DD	510	0.520117051589132	197	576

DD/DD/DD	511	0.4759225771884	475	1116

DD/DD/DD	512	0.476901822457378	270	629

DD/DD/DD	513	0.46909070513311	1704	4298

DD/DD/DD	514	0.403117642591327	210	527

DD/DD/DD	515	0.412779713511421	206	523

DD/DD/DD	516	0.467344856963501	710	1830

DD/DD/DD	517	0.527954001697923	618	1534

DD/DD/DD	518	0.495598615821546	314	782

DD/DD/DD	519	0.504439484126984	481	1347

DD/DD/DD	520	0.572751322751323	283	821

DD/DD/DD	521	0.493945504368957	308	915

DD/DD/DD	522	0.458088062300019	737	1741

DD/DD/DD	523	0.46989247311828	126	267

DD/DD/DD	524	0.458046398046398	264	605

DD/DD/DD	525	0.510732194698941	421	1166

DD/DD/DD	526	0.488473479382571	331	893

DD/DD/DD	527	0.479504841768993	160	408

DD/DD/DD	528	0.476450958291755	605	1645

DD/DD/DD	529	0.518802083333334	321	834

DD/DD/DD	530	0.529009826152683	317	785

DD/DD/DD	531	0.549624902794931	348	848

DD/DD/DD	532	0.449365079365079	60	126

DD/DD/DD	533	0.449450201366578	576	1344

DD/DD/DD	534	0.462916316820599	398	979

DD/DD/DD	535	0.331691026245482	103	186

DD/DD/DD	536	0.489854105842478	345	851

DD/DD/DD	537	0.436449147560259	461	1051

DD/DD/DD	538	0.502758145105084	295	834

DD/DD/DD	539	0.484721194177153	388	913

DD/DD/DD	540	0.547335102173812	341	950

DD/DD/DD	541	0.460164341831008	271	676

DD/DD/DD	542	0.50552371154223	324	865

DD/DD/DD	543	0.406872586872587	185	426

DD/DD/DD	544	0.54165856818918	245	651

DD/DD/DD	545	0.483903675538656	263	649

DD/DD/DD	546	0.499903213317848	124	309

DD/DD/DD	547	0.429253222541813	150	392

DD/DD/DD	548	0.515923625488843	345	896

DD/DD/DD	549	0.452832165014906	197	486

DD/DD/DD	550	0.415692974720753	218	503

DD/DD/DD	551	0.506997677119628	246	644

DD/DD/DD	552	0.50602375242663	279	704

DD/DD/DD	553	0.464789559419631	839	1976

DD/DD/DD	554	0.521370143149285	164	413

DD/DD/DD	555	0.455217086834734	341	794

DD/DD/DD	556	0.472572362278245	307	721

DD/DD/DD	557	0.476529064413023	294	690

DD/DD/DD	558	0.500939997748508	282	744

DD/DD/DD	559	0.45359826018189	283	633

DD/DD/DD	560	0.479679613780996	217	513

DD/DD/DD	561	0.505839522353284	220	520

DD/DD/DD	562	0.507192023925894	248	687

DD/DD/DD	563	0.510048426150121	118	300

DD/DD/DD	564	0.456319440517554	212	770

DD/DD/DD	565	0.500350443207586	155	413

DD/DD/DD	566	0.474641889276036	207	528

DD/DD/DD	567	0.410023073556908	399	944

DD/DD/DD	568	0.424107142857143	65	140

DD/DD/DD	569	0.449862637362637	260	588

DD/DD/DD	570	0.500337301587301	320	748

DD/DD/DD	571	0.414725890356143	121	258

DD/DD/DD	572	0.510323777604883	869	2260

DD/DD/DD	573	0.5078318787322	311	837

DD/DD/DD	574	0.527410570406679	257	792

DD/DD/DD	575	0.478134613018334	129	309

DD/DD/DD	576	0.424036281179138	330	778

DD/DD/DD	577	0.485443722943723	353	804

DD/DD/DD	578	0.429295923071856	242	553

DD/DD/DD	579	0.443565378318741	225	505

DD/DD/DD	580	0.500455026455026	150	410

DD/DD/DD	581	0.50094387755102	282	720

DD/DD/DD	582	0.561675404106597	219	581

DD/DD/DD	583	0.503927553927554	117	277

DD/DD/DD	584	0.409658580413297	107	233

DD/DD/DD	585	0.529673287044512	565	1537

DD/DD/DD	586	0.484276512537382	210	489

DD/DD/DD	587	0.523058471424484	459	1317

DD/DD/DD	588	0.478563295290567	275	788

DD/DD/DD	589	0.470340501792115	188	434

DD/DD/DD	590	0.503866077369072	334	962

DD/DD/DD	591	0.466909827760892	472	1149

DD/DD/DD	592	0.476743872152036	296	676

DD/DD/DD	593	0.527398720682302	202	479

DD/DD/DD	594	0.472365591397849	310	714

DD/DD/DD	595	0.543310657596372	457	1223

DD/DD/DD	596	0.491133004926108	87	216

DD/DD/DD	597	0.410889706063969	373	1013

DD/DD/DD	598	0.464218908663353	298	733

DD/DD/DD	599	0.485503828794564	313	857

DD/DD/DD	600	0.440539215686274	340	828

DD/DD/DD	601	0.466311296196353	522	1972

DD/DD/DD	602	0.522445769167081	184	506

DD/DD/DD	603	0.467414554754709	391	1047

DD/DD/DD	604	0.541439700111287	271	746

DD/DD/DD	605	0.503948412698413	121	274

DD/DD/DD	606	0.472424929567786	232	600

DD/DD/DD	607	0.458743205044575	366	904

DD/DD/DD	608	0.504797870809956	332	907

DD/DD/DD	609	0.54391186299081	230	634

DD/DD/DD	610	0.573434579991957	122	361

DD/DD/DD	611	0.503395125065554	445	1236

DD/DD/DD	612	0.52056474251008	623	1738

DD/DD/DD	613	0.467474458231697	450	1009

DD/DD/DD	614	0.46297852474323	274	649

DD/DD/DD	615	0.447736945019553	278	644

DD/DD/DD	616	0.455391264786169	316	804

DD/DD/DD	617	0.551927082222649	204	543

DD/DD/DD	618	0.490650982615268	336	796

DD/DD/DD	619	0.494142018040697	455	1268

DD/DD/DD	620	0.512567811934901	317	769

DD/DD/DD	621	0.515758778258778	264	676

DD/DD/DD	622	0.453862309951303	429	988

DD/DD/DD	623	0.434149651518073	570	1638

DD/DD/DD	624	0.500718289293957	338	938

DD/DD/DD	625	0.451002506265664	191	421

DD/DD/DD	626	0.479250610500611	522	1404

DD/DD/DD	627	0.460671423040761	291	663

DD/DD/DD	628	0.41860465116279	215	487

DD/DD/DD	629	0.433603395061729	432	975

DD/DD/DD	630	0.442209893666205	104	222

DD/DD/DD	631	0.458150421626984	257	599

DD/DD/DD	632	0.498865663051056	357	984

DD/DD/DD	633	0.489158583543611	374	1058

DD/DD/DD	634	0.452601168672597	365	847

DD/DD/DD	635	0.47458362655407	206	438

DD/DD/DD	636	0.499784278572158	298	898

DD/DD/DD	637	0.437327151455995	684	1556

DD/DD/DD	638	0.479076819407008	213	455

DD/DD/DD	639	0.419334415584415	320	731

DD/DD/DD	640	0.488004163414	429	1052

DD/DD/DD	641	0.544093701996928	310	889

DD/DD/DD	642	0.433520923520924	165	404

DD/DD/DD	643	0.506731654014263	277	725

DD/DD/DD	644	0.467078916372203	284	649

DD/DD/DD	645	0.442721641502129	779	1798

DD/DD/DD	646	0.504777397108685	326	974

DD/DD/DD	647	0.444751422581611	213	495

DD/DD/DD	648	0.493356207111666	458	1093

DD/DD/DD	649	0.535956186127419	293	834

DD/DD/DD	650	0.417678822583885	317	732

DD/DD/DD	651	0.507871431400844	561	1559

DD/DD/DD	652	0.445402298850574	263	592

DD/DD/DD	653	0.43279016098165	283	714

DD/DD/DD	654	0.452579365079365	296	682

DD/DD/DD	655	0.501215888654312	204	513

DD/DD/DD	656	0.461211997614568	467	1225

DD/DD/DD	657	0.43811623414798	379	872

DD/DD/DD	658	0.412724241570396	679	1531

DD/DD/DD	659	0.524584352845222	162	460

DD/DD/DD	660	0.480907457322551	265	622

DD/DD/DD	661	0.485918179426467	362	858

DD/DD/DD	662	0.402194410527743	236	540

DD/DD/DD	663	0.453447170113837	201	464

DD/DD/DD	664	0.448434821082905	291	642

DD/DD/DD	665	0.522370619216045	317	943

DD/DD/DD	666	0.509143026907733	427	1212

DD/DD/DD	667	0.538494528246081	162	396

DD/DD/DD	668	0.448562610229277	271	658

DD/DD/DD	669	0.518985031033223	333	936

DD/DD/DD	670	0.524920255183414	420	1177

DD/DD/DD	671	0.582647296206618	59	156

DD/DD/DD	672	0.490387717928702	308	712

DD/DD/DD	673	0.495577014783024	468	1258

DD/DD/DD	674	0.453409204352601	319	781

DD/DD/DD	675	0.515164966859882	236	697

DD/DD/DD	676	0.478685349737981	210	507

DD/DD/DD	677	0.528704212454212	523	1301

DD/DD/DD	678	0.478665413533835	534	1302

DD/DD/DD	679	0.47504650297619	256	611

DD/DD/DD	680	0.472036551623708	436	1069

DD/DD/DD	681	0.563565259217433	208	553

DD/DD/DD	682	0.451933166248956	476	1074

DD/DD/DD	683	0.523948965968916	401	1117

DD/DD/DD	684	0.445115670381627	753	1846

DD/DD/DD	685	0.488693086883876	305	735

DD/DD/DD	686	0.428636465256184	498	1103

DD/DD/DD	687	0.475270777411661	725	2600

DD/DD/DD	688	0.480159932659933	300	748

DD/DD/DD	689	0.41604723190089	125	279

DD/DD/DD	690	0.445591702027345	202	499

DD/DD/DD	691	0.433041759117028	560	1397

DD/DD/DD	692	0.531591121297004	205	534

DD/DD/DD	693	0.472582417582418	130	310

DD/DD/DD	694	0.462121910911258	413	1134

DD/DD/DD	695	0.491278375149343	187	533

DD/DD/DD	696	0.405487528344671	106	218

DD/DD/DD	697	0.434766763848397	198	438

DD/DD/DD	698	0.462823961976504	178	398

DD/DD/DD	699	0.383142857142857	150	318

DD/DD/DD	700	0.444096954096954	185	420

DD/DD/DD	701	0.37483850129199	173	381

DD/DD/DD	702	0.493566978596919	168	443

DD/DD/DD	703	0.50912380952381	125	277

DD/DD/DD	704	0.498801080715974	94	229

DD/DD/DD	705	0.480632984901277	82	176

DD/DD/DD	706	0.493710021321961	68	153

DD/DD/DD	707	0.517680636923539	318	783

DD/DD/DD	708	0.511628709454796	70	151

DD/DD/DD	709	0.668619047619048	50	159

DD/DD/DD	710	0.553832866479926	341	954

DD/DD/DD	711	0.542090859332239	87	218

DD/DD/DD	712	0.524240855762595	46	106

DD/DD/DD	713	0.535527898027898	133	317

DD/DD/DD	714	0.458620689655172	31	63

DD/DD/DD	715	0.545652173913044	70	181

DD/DD/DD	716	0.445714285714286	37	71

DD/DD/DD	717	0.516305453805454	157	367

DD/DD/DD	718	0.473026744944553	147	382

DD/DD/DD	719	0.503217608882633	203	560

DD/DD/DD	720	0.427093596059113	175	375

DD/DD/DD	721	0.424955849559024	190	744

DD/DD/DD	722	0.491681363903586	110	236

DD/DD/DD	723	0.482229965156794	125	316

DD/DD/DD	724	0.503628480146052	313	738

DD/DD/DD	725	0.474861272422248	369	879

DD/DD/DD	726	0.464871421639981	231	572

DD/DD/DD	727	0.614464925755249	94	273

DD/DD/DD	728	0.395781302031302	208	472

DD/DD/DD	729	0.500679885150875	294	729

DD/DD/DD	730	0.443026204564666	172	379

DD/DD/DD	731	0.556339758125473	86	228

DD/DD/DD	732	0.414273896601483	234	645

DD/DD/DD	733	0.405865633074935	215	657

DD/DD/DD	734	0.520863858363858	104	260

DD/DD/DD	735	0.549635854341737	86	204

DD/DD/DD	736	0.328942694732168	285	1094

DD/DD/DD	737	0.467657762291908	206	537

DD/DD/DD	738	0.471387223485632	691	1651

DD/DD/DD	739	0.428423543330376	161	366

DD/DD/DD	740	0.46285140562249	85	180

DD/DD/DD	741	0.467256817256818	117	278

DD/DD/DD	742	0.546139971139971	67	160

DD/DD/DD	743	0.476390676390677	333	783

DD/DD/DD	744	0.522907647907648	133	337

DD/DD/DD	745	0.491173767752715	191	492

DD/DD/DD	746	0.446626984126984	61	147

DD/DD/DD	747	0.542573696145125	71	179

DD/DD/DD	748	0.411648405674954	228	497

DD/DD/DD	749	0.569167869167869	67	180

DD/DD/DD	750	0.504214296987734	258	680

DD/DD/DD	751	0.430405643738977	91	183

DD/DD/DD	752	0.490183581850248	271	789

DD/DD/DD	753	0.431163594470046	125	289

DD/DD/DD	754	0.529166666666667	156	399

DD/DD/DD	755	0.427248677248677	110	239

DD/DD/DD	756	0.516855256954267	101	260

DD/DD/DD	757	0.563597548724131	160	448

DD/DD/DD	758	0.49312925170068	315	756

DD/DD/DD	759	0.545509795509796	112	303

DD/DD/DD	760	0.398536155202822	136	288

DD/DD/DD	761	0.573000269626565	578	1675

DD/DD/DD	762	0.367591268252061	227	694

DD/DD/DD	763	0.418631530282016	107	217

DD/DD/DD	764	0.397813411078717	98	192

DD/DD/DD	765	0.409399684044234	211	432

DD/DD/DD	766	0.541063797313798	209	544

DD/DD/DD	767	0.516178826270569	109	288

DD/DD/DD	768	0.461051212938005	106	249

DD/DD/DD	769	0.472332730560579	159	372

DD/DD/DD	770	0.40578231292517	49	90

DD/DD/DD	771	0.573913740580407	99	249

DD/DD/DD	772	0.45472257972258	224	545

DD/DD/DD	773	0.431440781440781	354	817

DD/DD/DD	774	0.507409575852199	123	340

DD/DD/DD	775	0.397352523098792	135	289

DD/DD/DD	776	0.425905872553102	345	804

DD/DD/DD	777	0.506609894566099	137	358

DD/DD/DD	778	0.516261398176292	95	249

DD/DD/DD	779	0.412544091710758	397	893

DD/DD/DD	780	0.568226911976912	89	254

DD/DD/DD	781	0.648677248677248	37	94

DD/DD/DD	782	0.497213203463203	88	239

DD/DD/DD	783	0.41219057185908	365	805

DD/DD/DD	784	0.550234741784038	72	161

DD/DD/DD	785	0.381544256120528	178	375

DD/DD/DD	786	0.56947374027911	151	358

DD/DD/DD	787	0.420119047619048	60	148

DD/DD/DD	788	0.516932270916335	251	644

DD/DD/DD	789	0.55026455026455	36	95

DD/DD/DD	790	0.584528268236134	89	261

DD/DD/DD	791	0.546845531729253	87	275

DD/DD/DD	792	0.502579365079365	121	288

DD/DD/DD	793	0.565397405914647	174	556

DD/DD/DD	794	0.463095238095238	60	129

DD/DD/DD	795	0.482684610075914	116	269

DD/DD/DD	796	0.398436389481166	67	145

DD/DD/DD	797	0.431037037037037	228	511

DD/DD/DD	798	0.472433435739887	124	305

DD/DD/DD	799	0.553703703703704	88	207

DD/DD/DD	800	0.414303144390993	684	1473

DD/DD/DD	801	0.613333333333333	45	119

DD/DD/DD	802	0.49373962582055	173	473

DD/DD/DD	803	0.480047123015873	130	303

DD/DD/DD	804	0.509056473829201	397	1155

DD/DD/DD	805	0.488629249070085	433	990

DD/DD/DD	806	0.538626524990162	123	325

DD/DD/DD	807	0.437281366899202	159	374

DD/DD/DD	808	0.481564001747488	110	241

DD/DD/DD	809	0.555449735449736	30	73

DD/DD/DD	810	0.588828611613422	79	234

DD/DD/DD	811	0.529573070607554	147	351

DD/DD/DD	812	0.544802146210597	72	167

DD/DD/DD	813	0.460872087626473	685	1638

DD/DD/DD	814	0.480486931614751	134	306

DD/DD/DD	815	0.453822017775506	560	1357

DD/DD/DD	816	0.507696324143692	76	211

DD/DD/DD	817	0.490777404413768	289	631

DD/DD/DD	818	0.453831845238095	128	284

DD/DD/DD	819	0.458897615794167	379	939

DD/DD/DD	820	0.487932636469222	206	490

DD/DD/DD	821	0.463556851311953	149	373

DD/DD/DD	822	0.524460057246943	63	152

DD/DD/DD	823	0.468564267812388	135	317

DD/DD/DD	824	0.460115100892678	553	1313

DD/DD/DD	825	0.397337278106509	171	356

DD/DD/DD	826	0.535245744884299	582	1419

DD/DD/DD	827	0.625617283950618	55	159

DD/DD/DD	828	0.441325536062378	173	373

DD/DD/DD	829	0.424135124135124	117	258

DD/DD/DD	830	0.482077610918581	372	909

DD/DD/DD	831	0.410422282120395	106	222

DD/DD/DD	832	0.533911453019734	157	422

DD/DD/DD	833	0.473280423280423	124	307

DD/DD/DD	834	0.546938775510204	114	277

DD/DD/DD	835	0.547173354620163	423	1210

DD/DD/DD	836	0.427196291057677	405	937

DD/DD/DD	837	0.555570252792475	273	669

DD/DD/DD	838	0.494751844399732	143	337

DD/DD/DD	839	0.500166999043404	89	256

DD/DD/DD	840	0.507860922146637	316	732

DD/DD/DD	841	0.454937770562771	179	405

DD/DD/DD	842	0.500605326876513	119	274

DD/DD/DD	843	0.43404071773637	140	313

DD/DD/DD	844	0.490331010452962	164	413

DD/DD/DD	845	0.502082235108065	546	1313

DD/DD/DD	846	0.488831654456654	209	498

DD/DD/DD	847	0.463204170557111	205	507

DD/DD/DD	848	0.447842261904762	195	423

DD/DD/DD	849	0.42385138670853	456	1031

DD/DD/DD	850	0.528806170355466	144	366

DD/DD/DD	851	0.413985675571041	82	264

DD/DD/DD	852	0.545875251509054	71	171

DD/DD/DD	853	0.535532879818594	70	179

DD/DD/DD	854	0.418399418200215	252	573

DD/DD/DD	855	0.465146434160518	144	346

DD/DD/DD	856	0.513164613164613	91	225

DD/DD/DD	857	0.512733869305298	177	485

DD/DD/DD	858	0.522018578960582	570	1385

DD/DD/DD	859	0.538377723970944	182	434

DD/DD/DD	860	0.501587301587302	100	222

DD/DD/DD	861	0.536169074371321	90	221

DD/DD/DD	862	0.528601823708207	236	573

DD/DD/DD	863	0.515602013162989	41	114

DD/DD/DD	864	0.507282094124199	114	284

DD/DD/DD	865	0.404023809523809	102	216

DD/DD/DD	866	0.483070866141732	127	300

DD/DD/DD	867	0.503218383558189	208	533

DD/DD/DD	868	0.502295684113866	122	308

DD/DD/DD	869	0.296375661375661	91	174

DD/DD/DD	870	0.464142596929482	185	408

DD/DD/DD	871	0.443865137295795	138	296

DD/DD/DD	872	0.509326346168451	211	491

DD/DD/DD	873	0.538698166605143	259	714

DD/DD/DD	874	0.416976810764386	508	1109

DD/DD/DD	875	0.441831501831502	65	140

DD/DD/DD	876	0.514285714285714	58	128

DD/DD/DD	877	0.501473925435586	315	961

DD/DD/DD	878	0.456651939126166	98	233

DD/DD/DD	879	0.515972222222222	73	164

DD/DD/DD	880	0.536727695193303	569	1601

DD/DD/DD	881	0.388391601366285	160	354

DD/DD/DD	882	0.385166940339353	353	718

DD/DD/DD	883	0.535750188964475	421	1173

DD/DD/DD	884	0.604117546693966	229	718

DD/DD/DD	885	0.453922838074623	224	552

DD/DD/DD	886	0.455549256739733	254	594

DD/DD/DD	887	0.479866332497912	401	944

DD/DD/DD	888	0.452936206168146	530	1235

DD/DD/DD	889	0.460588972431078	576	1346

DD/DD/DD	890	0.54749662276258	188	504

DD/DD/DD	891	0.445157838416265	91	193

DD/DD/DD	892	0.40759493670886	238	536

DD/DD/DD	893	0.477722917123839	218	495

DD/DD/DD	894	0.481859410430839	65	145

DD/DD/DD	895	0.530116959064328	115	307

DD/DD/DD	896	0.478507078507078	76	169

DD/DD/DD	897	0.399213732004429	217	469

DD/DD/DD	898	0.543805214393449	223	575

DD/DD/DD	899	0.426022803487592	144	314

DD/DD/DD	900	0.452493185826519	100	267

DD/DD/DD	901	0.517218902770233	263	621

DD/DD/DD	902	0.563438932058179	240	695

DD/DD/DD	903	0.583756613756614	46	118

DD/DD/DD	904	0.464915966386554	68	137

DD/DD/DD	905	0.504129464285714	192	468

DD/DD/DD	906	0.511608751608752	186	427

DD/DD/DD	907	0.459975749559083	74	159

DD/DD/DD	908	0.472360608426182	123	510

DD/DD/DD	909	0.481628690902884	372	1034

DD/DD/DD	910	0.553525776092148	227	611

DD/DD/DD	911	0.553310532316057	182	474

DD/DD/DD	912	0.514931927975406	139	343

DD/DD/DD	913	0.526304876304877	112	293

DD/DD/DD	914	0.526543209876543	72	177

DD/DD/DD	915	0.408875931324911	295	684

DD/DD/DD	916	0.502255639097744	59	134

DD/DD/DD	917	0.398689553340716	262	547

DD/DD/DD	918	0.485524691358025	181	446

DD/DD/DD	919	0.451263823064771	212	453

DD/DD/DD	920	0.419150690579262	237	504

DD/DD/DD	921	0.486323113720374	74	224

DD/DD/DD	922	0.493333333333333	91	188

DD/DD/DD	923	0.54741180349489	339	851

DD/DD/DD	924	0.527388167388167	111	289

DD/DD/DD	925	0.627777777777779	79	240

DD/DD/DD	926	0.510770516033674	250	578

DD/DD/DD	927	0.40108843537415	140	281

DD/DD/DD	928	0.49224305106658	221	536

DD/DD/DD	929	0.481457039337474	184	415

DD/DD/DD	930	0.361228733917809	239	736

DD/DD/DD	931	0.377208813510183	221	664

DD/DD/DD	932	0.494592227695676	145	362

DD/DD/DD	933	0.508748759920635	128	355

DD/DD/DD	934	0.48197696023783	301	711

DD/DD/DD	935	0.419324988428762	213	661

DD/DD/DD	936	0.481253968253968	151	396

DD/DD/DD	937	0.574924269962438	132	315

DD/DD/DD	938	0.483924827792752	107	252

DD/DD/DD	939	0.464243080152171	243	596

DD/DD/DD	940	0.544235588972431	153	393

DD/DD/DD	941	0.477008774524303	162	376

DD/DD/DD	942	0.514981556002683	287	746

DD/DD/DD	943	0.542124542124542	53	111

DD/DD/DD	944	0.406138645934564	98	210

DD/DD/DD	945	0.45532809177669	321	784

DD/DD/DD	946	0.475448726266165	369	864

DD/DD/DD	947	0.574247400109469	30	87

DD/DD/DD	948	0.453092783505155	98	222

DD/DD/DD	949	0.479348659003831	147	353

DD/DD/DD	950	0.408499352121801	196	424

DD/DD/DD	951	0.471798775936707	291	710

DD/DD/DD	952	0.554530683664542	128	367

DD/DD/DD	953	0.456373111493593	166	375

DD/DD/DD	954	0.490851143607049	127	285

DD/DD/DD	955	0.563253968253968	61	134

DD/DD/DD	956	0.401385525961796	237	540

DD/DD/DD	957	0.455537303305161	336	848

DD/DD/DD	958	0.510789871504157	126	364

DD/DD/DD	959	0.558071376698828	154	390

DD/DD/DD	960	0.458599421680818	517	1241

DD/DD/DD	961	0.499995844760243	192	464

DD/DD/DD	962	0.539510642966864	217	574

DD/DD/DD	963	0.46211092246746	589	1377

DD/DD/DD	964	0.519418676561534	78	206

DD/DD/DD	965	0.387407257520572	353	921

DD/DD/DD	966	0.505423280423281	169	471

DD/DD/DD	967	0.461594941006706	187	427

DD/DD/DD	968	0.453965599617773	299	757

DD/DD/DD	969	0.568121693121693	146	384

DD/DD/DD	970	0.423469387755102	162	346

DD/DD/DD	971	0.429426297608116	133	310

DD/DD/DD	972	0.485494765281999	329	792

DD/DD/DD	973	0.434796012068739	367	854

DD/DD/DD	974	0.482105420784666	371	925

DD/DD/DD	975	0.543391430646333	154	398

DD/DD/DD	976	0.560616367759225	113	352

DD/DD/DD	977	0.446590476190476	125	295

DD/DD/DD	978	0.58394777265745	62	155

DD/DD/DD	979	0.470674210278171	102	225

DD/DD/DD	980	0.450590150590151	78	172

DD/DD/DD	981	0.472114442484813	162	364

DD/DD/DD	982	0.542427147796276	149	412

DD/DD/DD	983	0.479551820728291	172	418

DD/DD/DD	984	0.46280612244898	140	372

DD/DD/DD	985	0.459399906235349	238	552

DD/DD/DD	986	0.560431654676259	139	367

DD/DD/DD	987	0.413362113638356	181	512

DD/DD/DD	988	0.429138321995465	127	279

DD/DD/DD	989	0.632794784580499	56	179

DD/DD/DD	990	0.532840722495895	146	338

DD/DD/DD	991	0.447619047619048	131	295

DD/DD/DD	992	0.410423825887743	292	663

DD/DD/DD	993	0.457474989995999	600	1357

DD/DD/DD	994	0.451959325396825	97	209

DD/DD/DD	995	0.51635845276622	103	287

DD/DD/DD	996	0.384934807256236	114	242

DD/DD/DD	997	0.511709023231934	743	1753

DD/DD/DD	998	0.499816382894777	523	1465

DD/DD/DD	999	0.519437482595377	114	336

DD/DD/DD	1000	0.443414013856003	183	408

DD/DD/DD	1001	0.5129329004329	88	203

DD/DD/DD	1002	0.516304515333642	104	255

DD/DD/DD	1003	0.42518315018315	53	116

DD/DD/DD	1004	0.476651305683564	94	230

DD/DD/DD	1005	0.489330759330759	370	903

DD/DD/DD	1006	0.460946573751452	246	568

DD/DD/DD	1007	0.486037910309755	309	732

DD/DD/DD	1008	0.507259356341925	109	304

DD/DD/DD	1009	0.444289434523809	129	272

DD/DD/DD	1010	0.466267281105991	157	363

DD/DD/DD	1011	0.606977065487704	47	136

DD/DD/DD	1012	0.565340291367688	146	365

DD/DD/DD	1013	0.475960061443933	93	211

DD/DD/DD	1014	0.476997578692494	119	273

DD/DD/DD	1015	0.482857142857143	102	244

DD/DD/DD	1016	0.511265627194831	113	291

DD/DD/DD	1017	0.558891828336273	162	376

DD/DD/DD	1018	0.490503093892924	296	680

DD/DD/DD	1019	0.576172300981462	131	353

DD/DD/DD	1020	0.509261590098594	228	541

DD/DD/DD	1021	0.486410347504572	329	787

DD/DD/DD	1022	0.475618183781449	294	730

DD/DD/DD	1023	0.501601225285436	172	425

DD/DD/DD	1024	0.597824302134647	59	160

DD/DD/DD	1025	0.424712643678161	88	205

DD/DD/DD	1026	0.494250871080139	247	578

DD/DD/DD	1027	0.441662958018098	108	223

DD/DD/DD	1028	0.362843729040912	72	137

DD/DD/DD	1029	0.442207792207792	99	215

DD/DD/DD	1030	0.550705467372134	136	351

DD/DD/DD	1031	0.529050138573948	64	149

DD/DD/DD	1032	0.477398422681442	159	387

DD/DD/DD	1033	0.446840712893345	573	1287

DD/DD/DD	1034	0.530085003035823	183	514

DD/DD/DD	1035	0.474149659863946	56	122

DD/DD/DD	1036	0.558835066593688	174	510

DD/DD/DD	1037	0.52990231990232	65	171

DD/DD/DD	1038	0.446370296370296	286	663

DD/DD/DD	1039	0.423519778281683	64	143

DD/DD/DD	1040	0.470238095238095	104	229

DD/DD/DD	1041	0.454309136917833	70	195

DD/DD/DD	1042	0.488861111111111	201	466

DD/DD/DD	1043	0.486866767983789	190	490

DD/DD/DD	1044	0.58051948051948	99	283

DD/DD/DD	1045	0.5238430583501	72	175

DD/DD/DD	1046	0.39605760151086	707	1646

DD/DD/DD	1047	0.488567758509955	175	456

DD/DD/DD	1048	0.509108669108669	66	159

DD/DD/DD	1049	0.565968734968735	150	472

DD/DD/DD	1050	0.401476845033546	195	410

DD/DD/DD	1051	0.382207207207207	148	350

DD/DD/DD	1052	0.565293580559067	227	712

DD/DD/DD	1053	0.378965270318654	137	326

DD/DD/DD	1054	0.469148222669349	143	321

DD/DD/DD	1055	0.526054720133667	230	541

DD/DD/DD	1056	0.508563074352548	58	133

DD/DD/DD	1057	0.446870320455226	372	821

DD/DD/DD	1058	0.401288056206089	61	126

DD/DD/DD	1059	0.46242908715833	558	1357

DD/DD/DD	1060	0.407732827644332	226	485

DD/DD/DD	1061	0.436346012339389	302	1211

DD/DD/DD	1062	0.359208403016167	543	1276

DD/DD/DD	1063	0.526640307145723	277	681

DD/DD/DD	1064	0.477374517374517	185	484

DD/DD/DD	1065	0.529329004329004	89	259

DD/DD/DD	1066	0.458664021164021	122	273

DD/DD/DD	1067	0.407978448832107	247	529

DD/DD/DD	1068	0.401682483693066	573	1172

DD/DD/DD	1069	0.548601662887377	63	155

DD/DD/DD	1070	0.519582871908454	129	312

DD/DD/DD	1071	0.64040404040404	33	81

DD/DD/DD	1072	0.534067085953878	161	367

DD/DD/DD	1073	0.562943722943723	56	149

DD/DD/DD	1074	0.465121347873961	288	751

DD/DD/DD	1075	0.536097427476738	177	464

DD/DD/DD	1076	0.429686829686828	891	1859

DD/DD/DD	1077	0.528349778349778	111	258

DD/DD/DD	1078	0.402683982683983	111	230

DD/DD/DD	1079	0.44638619201726	104	218

DD/DD/DD	1080	0.480246219222597	127	348

DD/DD/DD	1081	0.492386655260907	170	390

DD/DD/DD	1082	0.570966595593461	67	155

DD/DD/DD	1083	0.522661734016316	252	603

DD/DD/DD	1084	0.468814192343604	289	768

DD/DD/DD	1085	0.417650103519669	94	189

DD/DD/DD	1086	0.475842891901286	137	340

DD/DD/DD	1087	0.561961098262468	73	222

DD/DD/DD	1088	0.456997262826859	224	553

DD/DD/DD	1089	0.368067226890756	87	163

DD/DD/DD	1090	0.390702947845805	64	131

DD/DD/DD	1091	0.512581090407177	115	294

DD/DD/DD	1092	0.602800239592693	53	168

DD/DD/DD	1093	0.413571428571429	103	198

DD/DD/DD	1094	0.501648688941507	183	472

DD/DD/DD	1095	0.499412296564195	158	412

DD/DD/DD	1096	0.515127758420441	164	413

DD/DD/DD	1097	0.433834586466166	456	1189

DD/DD/DD	1098	0.438535898855666	346	792

DD/DD/DD	1099	0.505940822931114	314	727

DD/DD/DD	1100	0.306635441061671	62	115

DD/DD/DD	1101	0.552956349206349	40	101

DD/DD/DD	1102	0.51173081104588	146	377

DD/DD/DD	1103	0.377643472448667	231	728

DD/DD/DD	1104	0.478488852188274	173	405

DD/DD/DD	1105	0.441541950113379	106	223

DD/DD/DD	1106	0.50969696969697	55	121

DD/DD/DD	1107	0.44848828420257	126	287

DD/DD/DD	1108	0.503847581917757	172	431

DD/DD/DD	1109	0.421752960443436	254	568

DD/DD/DD	1110	0.457142857142857	130	282

DD/DD/DD	1111	0.45202888172813	133	321

DD/DD/DD	1112	0.522211779448622	153	373

DD/DD/DD	1113	0.555761427377969	267	715

DD/DD/DD	1114	0.474702380952381	57	144

DD/DD/DD	1115	0.559353741496599	71	179

DD/DD/DD	1116	0.583496315192744	113	316

DD/DD/DD	1117	0.437857142857143	61	129

DD/DD/DD	1118	0.42202380952381	114	249

DD/DD/DD	1119	0.421621621621622	113	247

DD/DD/DD	1120	0.506805399325085	129	301

DD/DD/DD	1121	0.443789682539683	121	262

DD/DD/DD	1122	0.567980992821757	157	457

DD/DD/DD	1123	0.494259874492433	131	303

DD/DD/DD	1124	0.470818249327021	344	847

DD/DD/DD	1125	0.382537348272642	340	810

DD/DD/DD	1126	0.491446208112875	45	108

DD/DD/DD	1127	0.50130278526505	106	245

DD/DD/DD	1128	0.542466207262126	198	478

DD/DD/DD	1129	0.530089717046239	139	332

DD/DD/DD	1130	0.484572946210877	232	622

DD/DD/DD	1131	0.441688311688312	112	251

DD/DD/DD	1132	0.386111111111111	108	224

DD/DD/DD	1133	0.527037933817595	118	289

DD/DD/DD	1134	0.553231292517007	155	356

DD/DD/DD	1135	0.464505577005577	148	379

DD/DD/DD	1136	0.470823885109599	127	322

DD/DD/DD	1137	0.477736867943053	194	489

DD/DD/DD	1138	0.526620768789444	83	205

DD/DD/DD	1139	0.587766439909297	70	201

DD/DD/DD	1140	0.499891395154553	97	258

DD/DD/DD	1141	0.427554152416031	183	409

DD/DD/DD	1142	0.561437908496732	104	240

DD/DD/DD	1143	0.530088958660388	92	232

DD/DD/DD	1144	0.501633986928105	103	214

DD/DD/DD	1145	0.550582750582751	143	336

DD/DD/DD	1146	0.462533692722372	107	215

DD/DD/DD	1147	0.499024670109008	84	204

DD/DD/DD	1148	0.542468098350451	257	701

DD/DD/DD	1149	0.597921484907787	73	213

DD/DD/DD	1150	0.472164975279729	305	733

DD/DD/DD	1151	0.491873114770311	323	744

DD/DD/DD	1152	0.534214051302659	237	590

DD/DD/DD	1153	0.480687830687831	56	110

DD/DD/DD	1154	0.384153439153439	301	713

DD/DD/DD	1155	0.378305047509199	289	648

DD/DD/DD	1156	0.557844611528822	96	248

DD/DD/DD	1157	0.440025396825397	125	280

DD/DD/DD	1158	0.461152882205514	115	237

DD/DD/DD	1159	0.420256513294488	238	517

DD/DD/DD	1160	0.349051490514905	129	250

DD/DD/DD	1161	0.469715175789942	108	249

DD/DD/DD	1162	0.521619047619048	101	219

DD/DD/DD	1163	0.494258279443465	82	194

DD/DD/DD	1164	0.44345238095238	350	814

DD/DD/DD	1165	0.474027316352897	216	567

DD/DD/DD	1166	0.565967000835422	76	180

DD/DD/DD	1167	0.400393282312925	227	479

DD/DD/DD	1168	0.47039726939727	50	195

DD/DD/DD	1169	0.467239858906526	56	116

DD/DD/DD	1170	0.513543984572022	107	244

DD/DD/DD	1171	0.411027568922306	58	116

DD/DD/DD	1172	0.459573412698413	305	755

DD/DD/DD	1173	0.389434523809524	66	142

DD/DD/DD	1174	0.371565183450429	123	252

DD/DD/DD	1175	0.434159378036929	98	214

DD/DD/DD	1176	0.409857978279031	58	119

DD/DD/DD	1177	0.458928571428571	52	106

DD/DD/DD	1178	0.483067226890756	171	474

