proteins/proteins.	1	0.341666666666667	42	81

proteins/proteins.	2	0.601234567901235	27	46

proteins/proteins.	3	0.766666666666667	10	17

proteins/proteins.	4	0.267460317460317	24	46

proteins/proteins.	5	0.766666666666667	11	21

proteins/proteins.	6	0.496215986394557	336	816

proteins/proteins.	7	0.529938271604938	108	243

proteins/proteins.	8	0.196514161220044	154	281

proteins/proteins.	9	0.640350877192982	19	33

proteins/proteins.	10	0.712121212121212	11	19

proteins/proteins.	11	0.658333333333333	20	32

proteins/proteins.	12	0.173529411764706	52	103

proteins/proteins.	13	0.619047619047619	21	38

proteins/proteins.	14	0.349242424242424	44	85

proteins/proteins.	15	0.668333333333333	20	36

proteins/proteins.	16	0.625833333333333	40	67

proteins/proteins.	17	0.615942028985507	23	41

proteins/proteins.	18	0.217882836587873	285	424

proteins/proteins.	19	0.0687728937728938	56	79

proteins/proteins.	20	0.598765432098765	27	47

proteins/proteins.	21	0.51081081081081	481	1012

proteins/proteins.	22	0.581481481481482	54	92

proteins/proteins.	23	0.183155650319829	67	114

proteins/proteins.	24	0.316666666666667	12	24

proteins/proteins.	25	0.315740740740741	36	70

proteins/proteins.	26	0.396900982615268	126	265

proteins/proteins.	27	0.188095238095238	98	156

proteins/proteins.	28	0.156410256410256	39	81

proteins/proteins.	29	0.420125786163522	53	114

proteins/proteins.	30	0.142553191489362	47	88

proteins/proteins.	31	0.583703703703704	45	86

proteins/proteins.	32	0.291666666666667	16	25

proteins/proteins.	33	0.25632183908046	58	116

proteins/proteins.	34	0.730952380952381	14	25

proteins/proteins.	35	0.619753086419753	27	47

proteins/proteins.	36	0.608695652173913	23	38

proteins/proteins.	37	0.596491228070176	38	66

proteins/proteins.	38	0.342222222222222	45	86

proteins/proteins.	39	0.348051948051948	33	74

proteins/proteins.	40	0.210486891385768	89	143

proteins/proteins.	41	0.568	50	87

proteins/proteins.	42	0.76	15	25

proteins/proteins.	43	0.441772748703442	101	220

proteins/proteins.	44	0.623809523809524	21	37

proteins/proteins.	45	0.407428571428571	25	51

proteins/proteins.	46	0.614583333333333	32	56

proteins/proteins.	47	0.147142857142857	72	111

proteins/proteins.	48	0.521052631578947	19	38

proteins/proteins.	49	0.572549019607843	34	72

proteins/proteins.	50	0.237240537240537	39	68

proteins/proteins.	51	0.721212121212121	11	22

proteins/proteins.	52	0.580645161290323	31	65

proteins/proteins.	53	0.2125	180	266

proteins/proteins.	54	0.491304347826087	23	54

proteins/proteins.	55	0.641666666666667	20	36

proteins/proteins.	56	0.286111111111111	36	69

proteins/proteins.	57	0.275856307435255	57	116

proteins/proteins.	58	0.634313725490196	34	61

proteins/proteins.	59	0.396491228070175	19	38

proteins/proteins.	60	0.339091915836102	43	96

proteins/proteins.	61	0.441666666666667	20	37

proteins/proteins.	62	0.665217391304348	23	40

proteins/proteins.	63	0.310714285714286	28	53

proteins/proteins.	64	0.220277777777778	122	233

proteins/proteins.	65	0.46969696969697	22	45

proteins/proteins.	66	0.501428571428571	70	152

proteins/proteins.	67	0.162666666666667	50	88

proteins/proteins.	68	0.733333333333333	10	19

proteins/proteins.	69	0.680246913580247	27	59

proteins/proteins.	70	0.684615384615385	26	45

proteins/proteins.	71	0.58130081300813	41	74

proteins/proteins.	72	0.543859649122807	19	36

proteins/proteins.	73	0.513961038961039	22	55

proteins/proteins.	74	0.253703703703704	72	150

proteins/proteins.	75	0.162666666666667	76	120

proteins/proteins.	76	0.866666666666667	6	11

proteins/proteins.	77	0.0682244310885088	620	1049

proteins/proteins.	78	0.195402298850575	59	106

proteins/proteins.	79	0.320175438596491	38	89

proteins/proteins.	80	0.626086956521739	23	39

proteins/proteins.	81	0.631746031746032	21	38

proteins/proteins.	82	0.628985507246377	23	44

proteins/proteins.	83	0.588172043010753	31	52

proteins/proteins.	84	0.595833333333333	16	38

proteins/proteins.	85	0.656521739130435	23	53

proteins/proteins.	86	0.914285714285714	7	12

proteins/proteins.	87	0.528205128205128	26	57

proteins/proteins.	88	0.742982456140351	38	77

proteins/proteins.	89	0.660606060606061	22	39

proteins/proteins.	90	0.605333333333333	25	44

proteins/proteins.	91	0.177240896358543	170	323

proteins/proteins.	92	0.167799227799228	186	340

proteins/proteins.	93	0.256486042692939	58	108

proteins/proteins.	94	0.690476190476191	14	28

proteins/proteins.	95	0.716666666666667	12	23

proteins/proteins.	96	0.173333333333333	15	26

proteins/proteins.	97	0.28531746031746	60	128

proteins/proteins.	98	0.563636363636363	22	44

proteins/proteins.	99	0.215909090909091	88	160

proteins/proteins.	100	0.450505050505051	33	78

proteins/proteins.	101	0.283380952380952	50	107

proteins/proteins.	102	0.39	60	110

proteins/proteins.	103	0.517989417989418	54	113

proteins/proteins.	104	0.410144927536232	24	44

proteins/proteins.	105	0.625438596491228	38	75

proteins/proteins.	106	0.775757575757576	11	21

proteins/proteins.	107	0.181444313262495	244	391

proteins/proteins.	108	0.252083333333333	80	164

proteins/proteins.	109	0.566666666666667	22	50

proteins/proteins.	110	0.595238095238095	28	47

proteins/proteins.	111	0.608695652173913	23	42

proteins/proteins.	112	0.211111111111111	113	195

proteins/proteins.	113	0.564285714285714	18	38

proteins/proteins.	114	0.53015873015873	21	42

proteins/proteins.	115	0.628700128700129	37	72

proteins/proteins.	116	0.353658536585366	41	81

proteins/proteins.	117	0.310457516339869	51	97

proteins/proteins.	118	0.537254901960784	34	71

proteins/proteins.	119	0.224074074074074	54	104

proteins/proteins.	120	0.682666666666667	25	43

proteins/proteins.	121	0.199107142857143	32	60

proteins/proteins.	122	0.554166666666667	24	40

proteins/proteins.	123	0.266973886328725	62	124

proteins/proteins.	124	0.114319014319014	156	254

proteins/proteins.	125	0.31140350877193	38	75

proteins/proteins.	126	0.637878787878788	22	39

proteins/proteins.	127	0.635087719298245	19	36

proteins/proteins.	128	0.644444444444444	27	48

proteins/proteins.	129	0.633333333333333	13	24

proteins/proteins.	130	0.382337662337662	55	101

proteins/proteins.	131	0.526190476190476	38	84

proteins/proteins.	132	0.670833333333333	16	26

proteins/proteins.	133	0.165	20	33

proteins/proteins.	134	0.544117647058823	34	75

proteins/proteins.	135	0.569679300291545	49	103

proteins/proteins.	136	0.328395061728395	54	115

proteins/proteins.	137	0.594202898550725	23	42

proteins/proteins.	138	0.272789115646258	77	143

proteins/proteins.	139	0.146135265700483	69	125

proteins/proteins.	140	0.182513661202186	122	216

proteins/proteins.	141	0.669047619047619	28	49

proteins/proteins.	142	0.11499493414387	51	95

proteins/proteins.	143	0.215824915824916	99	156

proteins/proteins.	144	0.195343137254902	136	256

proteins/proteins.	145	0.616666666666667	30	56

proteins/proteins.	146	0.196078431372549	34	67

proteins/proteins.	147	0.66551724137931	29	53

proteins/proteins.	148	0.375555555555556	45	97

proteins/proteins.	149	0.659420289855072	23	40

proteins/proteins.	150	0.575757575757576	44	89

proteins/proteins.	151	0.661111111111111	18	31

proteins/proteins.	152	0.649122807017544	19	39

proteins/proteins.	153	0.555555555555555	30	53

proteins/proteins.	154	0.256254724111867	126	232

proteins/proteins.	155	0.495894909688014	58	145

proteins/proteins.	156	0.642857142857143	35	67

proteins/proteins.	157	0.203086419753086	54	112

proteins/proteins.	158	0.24465737514518	82	174

proteins/proteins.	159	0.555913978494624	31	61

proteins/proteins.	160	0.172222222222222	48	78

proteins/proteins.	161	0.326932923707117	188	310

proteins/proteins.	162	0.182772407208497	133	233

proteins/proteins.	163	0.124285714285714	40	80

proteins/proteins.	164	0.44981684981685	39	86

proteins/proteins.	165	0.479533941236069	94	167

proteins/proteins.	166	0.632380952380952	35	59

proteins/proteins.	167	0.736363636363636	11	21

proteins/proteins.	168	0.432950191570881	87	150

proteins/proteins.	169	0.691666666666667	16	28

proteins/proteins.	170	0.238461538461538	26	48

proteins/proteins.	171	0.480701754385965	19	42

proteins/proteins.	172	0.32	75	153

proteins/proteins.	173	0.546031746031746	21	43

proteins/proteins.	174	0.458024691358025	27	44

proteins/proteins.	175	0.0285092993426327	80	126

proteins/proteins.	176	0.588888888888889	15	33

proteins/proteins.	177	0.391919191919192	33	69

proteins/proteins.	178	0.239082080200501	152	263

proteins/proteins.	179	0.543589743589743	39	82

proteins/proteins.	180	0.222859915436335	229	483

proteins/proteins.	181	0.39531490015361	124	255

proteins/proteins.	182	0.633333333333334	39	77

proteins/proteins.	183	0.167579908675799	73	120

proteins/proteins.	184	0.338408521303258	76	149

proteins/proteins.	185	0.290643274853801	57	123

proteins/proteins.	186	0.323272971160295	71	151

proteins/proteins.	187	0.45	36	66

proteins/proteins.	188	0.6	14	27

proteins/proteins.	189	0.242424242424243	77	157

proteins/proteins.	190	0.527777777777778	24	53

proteins/proteins.	191	0.574489795918367	189	392

proteins/proteins.	192	0.44	20	38

proteins/proteins.	193	0.533333333333333	31	68

proteins/proteins.	194	0.549206349206349	63	117

proteins/proteins.	195	0.177611940298507	72	117

proteins/proteins.	196	0.62962962962963	36	65

proteins/proteins.	197	0.695238095238095	14	24

proteins/proteins.	198	0.144808201058201	148	227

proteins/proteins.	199	0.596296296296296	54	115

proteins/proteins.	200	0.280644056183625	139	316

proteins/proteins.	201	0.502472527472527	52	108

proteins/proteins.	202	0.21962962962963	96	137

proteins/proteins.	203	0.614207650273224	61	110

proteins/proteins.	204	0.613888888888889	12	25

proteins/proteins.	205	0.666666666666667	12	24

proteins/proteins.	206	0.738095238095238	14	28

proteins/proteins.	207	0.180952380952381	55	77

proteins/proteins.	208	0.373015873015873	42	87

proteins/proteins.	209	0.317784992784993	66	135

proteins/proteins.	210	0.252272727272727	88	165

proteins/proteins.	211	0.203809523809524	60	121

proteins/proteins.	212	0.629824561403509	19	37

proteins/proteins.	213	0.683610188261351	43	83

proteins/proteins.	214	0.492912513842746	43	76

proteins/proteins.	215	0.508333333333333	24	53

proteins/proteins.	216	0.622222222222222	36	64

proteins/proteins.	217	0.512978524743231	51	115

proteins/proteins.	218	0.623188405797101	23	38

proteins/proteins.	219	0.646666666666667	30	64

proteins/proteins.	220	0.435135135135135	37	85

proteins/proteins.	221	0.525925925925926	18	39

proteins/proteins.	222	0.722222222222222	12	21

proteins/proteins.	223	0.5525	40	87

proteins/proteins.	224	0.241727199354318	59	114

proteins/proteins.	225	0.542171717171717	66	156

proteins/proteins.	226	0.625	28	47

proteins/proteins.	227	0.613475177304964	47	80

proteins/proteins.	228	0.119205298013245	152	232

proteins/proteins.	229	0.123076923076923	26	50

proteins/proteins.	230	0.486274509803922	17	37

proteins/proteins.	231	0.47008547008547	39	80

proteins/proteins.	232	0.187037037037037	36	64

proteins/proteins.	233	0.29795918367347	273	501

proteins/proteins.	234	0.204700854700855	78	150

proteins/proteins.	235	0.322391084093212	47	90

proteins/proteins.	236	0.564901477832512	116	255

proteins/proteins.	237	0.643939393939394	22	43

proteins/proteins.	238	0.174016563146998	46	89

proteins/proteins.	239	0.568660022148394	43	90

proteins/proteins.	240	0.116712454212454	105	164

proteins/proteins.	241	0.53448275862069	29	60

proteins/proteins.	242	0.546666666666667	30	66

proteins/proteins.	243	0.555263157894737	38	82

proteins/proteins.	244	0.569105691056911	41	72

proteins/proteins.	245	0.150821722528871	504	894

proteins/proteins.	246	0.555555555555555	33	66

proteins/proteins.	247	0.419444444444445	36	71

proteins/proteins.	248	0.669135802469136	27	47

proteins/proteins.	249	0.471428571428571	35	69

proteins/proteins.	250	0.12183908045977	64	110

proteins/proteins.	251	0.61875	32	59

proteins/proteins.	252	0.748484848484848	11	20

proteins/proteins.	253	0.221323529411765	136	212

proteins/proteins.	254	0.571957671957672	27	61

proteins/proteins.	255	0.469047619047619	50	116

proteins/proteins.	256	0.656666666666667	20	44

proteins/proteins.	257	0.363636363636364	33	66

proteins/proteins.	258	0.5125	32	70

proteins/proteins.	259	0.290200138026225	69	144

proteins/proteins.	260	0.708333333333333	28	51

proteins/proteins.	261	0.294806763285024	46	96

proteins/proteins.	262	0.256387362637363	208	450

proteins/proteins.	263	0.478888888888889	30	72

proteins/proteins.	264	0.581944444444444	48	111

proteins/proteins.	265	0.569047619047619	28	58

proteins/proteins.	266	0.664166666666667	40	71

proteins/proteins.	267	0.56015037593985	38	80

proteins/proteins.	268	0.0515723270440252	108	156

proteins/proteins.	269	0.641935483870968	31	57

proteins/proteins.	270	0.562857142857143	35	63

proteins/proteins.	271	0.201002506265664	38	70

proteins/proteins.	272	0.57037037037037	36	69

proteins/proteins.	273	0.586111111111111	36	71

proteins/proteins.	274	0.199434229137199	105	178

proteins/proteins.	275	0.692929292929293	33	68

proteins/proteins.	276	0.0397116644823067	226	316

proteins/proteins.	277	0.525490196078431	17	32

proteins/proteins.	278	0.304694835680751	71	153

proteins/proteins.	279	0.588333333333333	20	42

proteins/proteins.	280	0.561734693877551	28	64

proteins/proteins.	281	0.579166666666667	48	93

proteins/proteins.	282	0.140566524712866	246	435

proteins/proteins.	283	0.567857142857143	28	57

proteins/proteins.	284	0.120538302277433	117	194

proteins/proteins.	285	0.263832199546485	63	131

proteins/proteins.	286	0.183850931677019	48	79

proteins/proteins.	287	0.521666666666667	40	93

proteins/proteins.	288	0.513684210526316	95	199

proteins/proteins.	289	0.341176470588235	34	65

proteins/proteins.	290	0.582993197278912	14	31

proteins/proteins.	291	0.750793650793651	21	37

proteins/proteins.	292	0.44469696969697	44	93

proteins/proteins.	293	0.150836550836551	111	198

proteins/proteins.	294	0.477639751552795	23	55

proteins/proteins.	295	0.54	60	114

proteins/proteins.	296	0.324915824915825	99	193

proteins/proteins.	297	0.304341736694678	34	69

proteins/proteins.	298	0.567708333333333	32	67

proteins/proteins.	299	0.480246913580247	27	62

proteins/proteins.	300	0.328571428571429	42	90

proteins/proteins.	301	0.201190476190476	96	166

proteins/proteins.	302	0.635294117647059	17	32

proteins/proteins.	303	0.489444444444445	60	128

proteins/proteins.	304	0.553968253968254	21	48

proteins/proteins.	305	0.113675213675214	79	118

proteins/proteins.	306	0.567117117117117	74	125

proteins/proteins.	307	0.113574165298303	88	142

proteins/proteins.	308	0.604901960784314	34	66

proteins/proteins.	309	0.307789535567313	328	541

proteins/proteins.	310	0.120949185043145	153	245

proteins/proteins.	311	0.531944444444444	24	54

proteins/proteins.	312	0.675	28	48

proteins/proteins.	313	0.633333333333333	20	38

proteins/proteins.	314	0.692156862745098	17	32

proteins/proteins.	315	0.265648397723869	159	314

proteins/proteins.	316	0.727272727272727	11	20

proteins/proteins.	317	0.622666666666667	25	42

proteins/proteins.	318	0.551111111111111	30	61

proteins/proteins.	319	0.571212121212121	22	51

proteins/proteins.	320	0.281305114638448	81	144

proteins/proteins.	321	0.564912280701754	38	82

proteins/proteins.	322	0.201063829787234	94	183

proteins/proteins.	323	0.755555555555556	12	20

proteins/proteins.	324	0.613888888888889	24	46

proteins/proteins.	325	0.162037037037037	36	63

proteins/proteins.	326	0.332666666666667	50	102

proteins/proteins.	327	0.257777777777778	30	59

proteins/proteins.	328	0.219354838709678	62	125

proteins/proteins.	329	0.471504157218443	63	148

proteins/proteins.	330	0.621212121212121	22	37

proteins/proteins.	331	0.346875	32	56

proteins/proteins.	332	0.546778711484594	17	38

proteins/proteins.	333	0.623076923076923	26	49

proteins/proteins.	334	0.53030303030303	22	48

proteins/proteins.	335	0.673809523809524	14	27

proteins/proteins.	336	0.671212121212121	22	43

proteins/proteins.	337	0.27037037037037	55	97

proteins/proteins.	338	0.241142857142857	50	98

proteins/proteins.	339	0.565625	32	69

proteins/proteins.	340	0.618775510204082	70	141

proteins/proteins.	341	0.468398268398268	88	210

proteins/proteins.	342	0.646726190476191	16	36

proteins/proteins.	343	0.590740740740741	18	36

proteins/proteins.	344	0.324691358024691	54	123

proteins/proteins.	345	0.518518518518518	18	39

proteins/proteins.	346	0.719047619047619	14	24

proteins/proteins.	347	0.68	15	27

proteins/proteins.	348	0.586559139784946	62	121

proteins/proteins.	349	0.0482142857142857	60	89

proteins/proteins.	350	0.611111111111111	24	39

proteins/proteins.	351	0.77037037037037	9	18

proteins/proteins.	352	0.440909090909091	44	86

proteins/proteins.	353	0.633333333333333	30	53

proteins/proteins.	354	0.596527777777778	48	89

proteins/proteins.	355	0.421666666666667	20	41

proteins/proteins.	356	0.651724137931035	29	57

proteins/proteins.	357	0.224603174603175	42	75

proteins/proteins.	358	0.725	12	23

proteins/proteins.	359	0.51058201058201	27	61

proteins/proteins.	360	0.539473684210526	38	88

proteins/proteins.	361	0.546997929606625	23	52

proteins/proteins.	362	0.0924684159378037	101	168

proteins/proteins.	363	0.552	50	91

proteins/proteins.	364	0.453968253968254	21	47

proteins/proteins.	365	0.643589743589744	26	45

proteins/proteins.	366	0.8	8	16

proteins/proteins.	367	0.630434782608696	23	40

proteins/proteins.	368	0.327777777777778	18	32

proteins/proteins.	369	0.658024691358025	27	49

proteins/proteins.	370	0.614583333333333	32	57

proteins/proteins.	371	0.0285714285714286	48	74

proteins/proteins.	372	0.255128205128205	52	99

proteins/proteins.	373	0.771111111111111	15	25

proteins/proteins.	374	0.593548387096774	31	52

proteins/proteins.	375	0.170392234028598	125	214

proteins/proteins.	376	0.577777777777778	27	60

proteins/proteins.	377	0.484803921568628	34	80

proteins/proteins.	378	0.310595238095238	82	171

proteins/proteins.	379	0.495833333333333	32	78

proteins/proteins.	380	0.491505791505792	37	86

proteins/proteins.	381	0.875	8	13

proteins/proteins.	382	0.265700483091787	69	138

proteins/proteins.	383	0.606349206349206	21	42

proteins/proteins.	384	0.464285714285714	32	64

proteins/proteins.	385	0.622549019607843	34	58

proteins/proteins.	386	0.486095238095238	25	59

proteins/proteins.	387	0.429166666666667	72	160

proteins/proteins.	388	0.673913043478261	23	45

proteins/proteins.	389	0.616	25	43

proteins/proteins.	390	0.646376811594203	23	43

proteins/proteins.	391	0.615942028985507	23	47

proteins/proteins.	392	0.349382716049383	27	61

proteins/proteins.	393	0.408994708994709	36	65

proteins/proteins.	394	0.587179487179487	26	54

proteins/proteins.	395	0.698412698412698	21	39

proteins/proteins.	396	0.625	20	36

proteins/proteins.	397	0.828571428571429	7	13

proteins/proteins.	398	0.155729166666667	64	123

proteins/proteins.	399	0.574774774774775	74	153

proteins/proteins.	400	0.273581213307241	73	142

proteins/proteins.	401	0.578787878787879	33	57

proteins/proteins.	402	0.561764705882353	34	65

proteins/proteins.	403	0.643333333333333	30	52

proteins/proteins.	404	0.323975636766334	43	89

proteins/proteins.	405	0.208232445520581	122	214

proteins/proteins.	406	0.327267573696145	42	84

proteins/proteins.	407	0.677083333333333	16	26

proteins/proteins.	408	0.215315315315315	37	67

proteins/proteins.	409	0.773333333333333	10	18

proteins/proteins.	410	0.828571428571429	7	13

proteins/proteins.	411	0.370502645502645	36	72

proteins/proteins.	412	0.588541666666667	32	52

proteins/proteins.	413	0.619047619047619	7	15

proteins/proteins.	414	0.648611111111111	24	42

proteins/proteins.	415	0.615942028985507	23	39

proteins/proteins.	416	0.656666666666667	20	39

proteins/proteins.	417	0.803703703703704	9	17

proteins/proteins.	418	0.760606060606061	11	20

proteins/proteins.	419	0.201439645625692	43	86

proteins/proteins.	420	0.611666666666667	40	71

proteins/proteins.	421	0.517316017316017	88	186

proteins/proteins.	422	0.598333333333333	20	42

proteins/proteins.	423	0.26125	84	118

proteins/proteins.	424	0.611111111111111	27	45

proteins/proteins.	425	0.585875706214689	59	100

proteins/proteins.	426	0.693333333333333	15	27

proteins/proteins.	427	0.638888888888889	18	30

proteins/proteins.	428	0.130208333333333	64	107

proteins/proteins.	429	0.318085106382979	94	202

proteins/proteins.	430	0.647863247863248	39	69

proteins/proteins.	431	0.593859649122807	38	66

proteins/proteins.	432	0.146441372247824	93	174

proteins/proteins.	433	0.227549814251942	94	194

proteins/proteins.	434	0.583333333333333	38	64

proteins/proteins.	435	0.707936507936508	21	38

proteins/proteins.	436	0.355724417426545	47	91

proteins/proteins.	437	0.624358974358974	26	45

proteins/proteins.	438	0.0805555555555556	96	183

proteins/proteins.	439	0.20218487394958	85	180

proteins/proteins.	440	0.680952380952381	14	26

proteins/proteins.	441	0.271527777777778	48	93

proteins/proteins.	442	0.438405797101449	46	91

proteins/proteins.	443	0.727777777777778	12	20

proteins/proteins.	444	0.7	19	34

proteins/proteins.	445	0.623188405797101	23	38

proteins/proteins.	446	0.766666666666667	10	17

proteins/proteins.	447	0.65047619047619	35	64

proteins/proteins.	448	0.637878787878788	22	39

proteins/proteins.	449	0.623188405797101	23	38

proteins/proteins.	450	0.712121212121212	11	19

proteins/proteins.	451	1	4	6

proteins/proteins.	452	0.565591397849462	31	63

proteins/proteins.	453	0.56551724137931	29	55

proteins/proteins.	454	0.414444444444444	30	58

proteins/proteins.	455	0.514444444444445	30	58

proteins/proteins.	456	0.704444444444444	15	26

proteins/proteins.	457	0.60752688172043	31	56

proteins/proteins.	458	0.269512195121951	82	181

proteins/proteins.	459	0.622988505747126	29	50

proteins/proteins.	460	0.246655328798186	84	177

proteins/proteins.	461	0.164227642276423	85	158

proteins/proteins.	462	0.311904761904762	40	76

proteins/proteins.	463	0.574603174603175	21	45

proteins/proteins.	464	0.381333333333333	75	148

proteins/proteins.	465	0.609722222222222	24	50

proteins/proteins.	466	0.581690140845071	71	123

proteins/proteins.	467	0.123801090684208	80	142

proteins/proteins.	468	0.0880952380952381	70	124

proteins/proteins.	469	0.42991452991453	39	79

proteins/proteins.	470	0.692380952380952	35	70

proteins/proteins.	471	0.590863787375415	86	170

proteins/proteins.	472	0.551351351351351	37	66

proteins/proteins.	473	0.716666666666667	12	23

proteins/proteins.	474	0.745	20	35

proteins/proteins.	475	0.631884057971014	23	42

proteins/proteins.	476	0.107222222222222	180	299

proteins/proteins.	477	0.549152542372882	59	120

proteins/proteins.	478	0.622727272727273	22	42

proteins/proteins.	479	0.673684210526316	19	39

proteins/proteins.	480	0.187254901960784	34	58

proteins/proteins.	481	0.397085385878489	116	234

proteins/proteins.	482	0.592640692640693	44	86

proteins/proteins.	483	0.4	16	32

proteins/proteins.	484	0.613157894736842	38	79

proteins/proteins.	485	0.175757575757576	55	104

proteins/proteins.	486	0.448324514991182	27	57

proteins/proteins.	487	0.753501400560224	17	34

proteins/proteins.	488	0.185310734463277	59	104

proteins/proteins.	489	0.153925353925354	148	283

proteins/proteins.	490	0.226984126984127	84	162

proteins/proteins.	491	0.266666666666667	41	72

proteins/proteins.	492	0.23062558356676	157	283

proteins/proteins.	493	0.322	50	103

proteins/proteins.	494	0.118152524167562	151	223

proteins/proteins.	495	0.577777777777778	30	51

proteins/proteins.	496	0.6	21	43

proteins/proteins.	497	0.536432350718065	126	288

proteins/proteins.	498	0.661728395061728	27	51

proteins/proteins.	499	0.661728395061728	27	51

proteins/proteins.	500	0.221428571428571	98	178

proteins/proteins.	501	0.598449612403101	43	75

proteins/proteins.	502	0.623188405797101	23	42

proteins/proteins.	503	0.258869047619048	80	155

proteins/proteins.	504	0.181111111111111	30	50

proteins/proteins.	505	0.2	52	86

proteins/proteins.	506	0.803703703703704	9	16

proteins/proteins.	507	0.621212121212121	22	39

proteins/proteins.	508	0.433333333333334	56	142

proteins/proteins.	509	0.125	32	59

proteins/proteins.	510	0.315656565656566	66	123

proteins/proteins.	511	0.173192239858907	54	99

proteins/proteins.	512	0.634782608695652	23	44

proteins/proteins.	513	0.754166666666667	16	28

proteins/proteins.	514	0.866666666666667	6	11

proteins/proteins.	515	0.604938271604938	27	49

proteins/proteins.	516	0.599074074074074	36	61

proteins/proteins.	517	0.841666666666667	8	14

proteins/proteins.	518	0.577777777777778	30	53

proteins/proteins.	519	0.608730158730159	42	76

proteins/proteins.	520	0.301754385964912	38	68

proteins/proteins.	521	0.332407407407407	36	62

proteins/proteins.	522	0.677083333333333	16	29

proteins/proteins.	523	0.240476190476191	42	92

proteins/proteins.	524	0.619047619047619	21	36

proteins/proteins.	525	0.4775	40	75

proteins/proteins.	526	0.649122807017544	19	33

proteins/proteins.	527	0.198333333333333	20	38

proteins/proteins.	528	0.212121212121212	22	42

proteins/proteins.	529	0.679166666666667	16	28

proteins/proteins.	530	0.702380952380952	14	24

proteins/proteins.	531	0.352845528455284	41	86

proteins/proteins.	532	0.166666666666667	31	54

proteins/proteins.	533	0.589080459770115	58	104

proteins/proteins.	534	0.290277777777778	24	45

proteins/proteins.	535	0.540277777777778	24	44

proteins/proteins.	536	0.648148148148148	18	31

proteins/proteins.	537	0.620833333333333	24	41

proteins/proteins.	538	0.352428099952852	103	183

proteins/proteins.	539	0.645	20	36

proteins/proteins.	540	0.647058823529412	17	28

proteins/proteins.	541	0.661111111111111	18	33

proteins/proteins.	542	0.427083333333333	32	63

proteins/proteins.	543	0.866666666666667	6	11

proteins/proteins.	544	0.36551724137931	58	119

proteins/proteins.	545	0.417687074829932	28	60

proteins/proteins.	546	0.738095238095238	14	24

proteins/proteins.	547	0.578632478632479	39	71

proteins/proteins.	548	0.68	10	20

proteins/proteins.	549	0.613636363636364	22	40

proteins/proteins.	550	0.602564102564103	26	45

proteins/proteins.	551	0.712121212121212	11	21

proteins/proteins.	552	0.585353535353535	66	125

proteins/proteins.	553	0.290079365079365	48	97

proteins/proteins.	554	0.157177615571776	144	219

proteins/proteins.	555	0.720833333333333	24	44

proteins/proteins.	556	0.618931475029036	41	88

proteins/proteins.	557	0.633333333333333	23	38

proteins/proteins.	558	0.687719298245614	19	38

proteins/proteins.	559	0.733333333333333	16	28

proteins/proteins.	560	0.164705882352941	34	62

proteins/proteins.	561	0.182222222222222	30	52

proteins/proteins.	562	0.186111111111111	24	42

proteins/proteins.	563	0.133333333333333	20	34

proteins/proteins.	564	0.705882352941177	17	34

proteins/proteins.	565	0.288850174216028	82	143

proteins/proteins.	566	0.662745098039216	17	32

proteins/proteins.	567	0.302836879432624	47	82

proteins/proteins.	568	0.16031746031746	42	72

proteins/proteins.	569	0.666666666666667	15	26

proteins/proteins.	570	0.0740350877192982	96	154

proteins/proteins.	571	0.610714285714286	56	103

proteins/proteins.	572	0.632222222222222	30	51

proteins/proteins.	573	0.751282051282051	13	26

proteins/proteins.	574	0.640350877192982	19	31

proteins/proteins.	575	0.267676767676768	66	114

proteins/proteins.	576	0.828571428571429	7	13

proteins/proteins.	577	0.625	24	42

proteins/proteins.	578	0.106593406593407	91	152

proteins/proteins.	579	0.641111111111111	30	55

proteins/proteins.	580	0.340006478781989	147	332

proteins/proteins.	581	0.37037037037037	27	57

proteins/proteins.	582	0.334333333333333	100	204

proteins/proteins.	583	0.201111111111111	30	57

proteins/proteins.	584	0.757142857142857	14	28

proteins/proteins.	585	0.126666666666667	30	55

proteins/proteins.	586	0.0529850746268657	134	200

proteins/proteins.	587	0.297058823529412	34	70

proteins/proteins.	588	0.416296296296296	90	187

proteins/proteins.	589	0.417567567567568	74	126

proteins/proteins.	590	0.663541666666667	32	56

proteins/proteins.	591	0.745833333333333	16	31

proteins/proteins.	592	0.504545454545455	22	41

proteins/proteins.	593	0.666190476190476	20	38

proteins/proteins.	594	0.22948717948718	26	46

proteins/proteins.	595	0.546571428571428	25	58

proteins/proteins.	596	0.34124649859944	68	143

proteins/proteins.	597	0.652173913043478	23	39

proteins/proteins.	598	0.162037037037037	36	69

proteins/proteins.	599	0.475	40	87

proteins/proteins.	600	0.518472906403941	58	129

proteins/proteins.	601	0.222153209109731	46	90

proteins/proteins.	602	0.679487179487179	13	23

proteins/proteins.	603	0.311474469305795	83	185

proteins/proteins.	604	0.63015873015873	21	36

proteins/proteins.	605	0.68125	16	27

proteins/proteins.	606	0.539393939393939	33	74

proteins/proteins.	607	0.914285714285714	7	12

proteins/proteins.	608	0.623188405797101	23	40

proteins/proteins.	609	0.313218390804598	58	116

proteins/proteins.	610	0.141066666666667	133	230

proteins/proteins.	611	0.688888888888889	15	26

proteins/proteins.	612	0.411904761904762	146	241

proteins/proteins.	613	0.582424242424243	55	97

proteins/proteins.	614	0.69047619047619	14	23

proteins/proteins.	615	0.587570621468927	59	101

proteins/proteins.	616	0.636666666666667	30	54

proteins/proteins.	617	0.3067977915804	69	145

proteins/proteins.	618	0.6703081232493	17	36

proteins/proteins.	619	0.184385382059801	43	87

proteins/proteins.	620	0.598484848484849	22	38

proteins/proteins.	621	0.56497175141243	59	101

proteins/proteins.	622	0.274279835390947	162	297

proteins/proteins.	623	0.672549019607843	17	31

proteins/proteins.	624	0.591397849462366	31	53

proteins/proteins.	625	0.172463768115942	46	91

proteins/proteins.	626	0.74	20	35

proteins/proteins.	627	0.194385964912281	95	187

proteins/proteins.	628	0.63	20	37

proteins/proteins.	629	0.532478632478633	39	84

proteins/proteins.	630	0.652631578947368	19	33

proteins/proteins.	631	0.145502645502645	67	103

proteins/proteins.	632	0.587912087912088	26	51

proteins/proteins.	633	0.659139784946237	31	58

proteins/proteins.	634	0.592777777777778	60	105

proteins/proteins.	635	0.33552380952381	52	114

proteins/proteins.	636	0.591358024691358	27	53

proteins/proteins.	637	0.69047619047619	14	23

proteins/proteins.	638	0.776666666666667	10	18

proteins/proteins.	639	0.645	20	35

proteins/proteins.	640	0.222927689594356	108	157

proteins/proteins.	641	0.28361581920904	59	112

proteins/proteins.	642	0.714814814814815	18	34

proteins/proteins.	643	0.644871794871795	26	51

proteins/proteins.	644	0.432446311858077	102	210

proteins/proteins.	645	0.224409448818898	131	230

proteins/proteins.	646	0.0208333333333333	55	56

proteins/proteins.	647	0.611111111111111	24	43

proteins/proteins.	648	0.611111111111111	24	39

proteins/proteins.	649	0.271428571428572	70	137

proteins/proteins.	650	0.511904761904762	14	32

proteins/proteins.	651	0.60752688172043	31	54

proteins/proteins.	652	0.60752688172043	31	61

proteins/proteins.	653	0.455555555555555	18	37

proteins/proteins.	654	0.649180327868852	61	109

proteins/proteins.	655	0.291111111111111	30	51

proteins/proteins.	656	0.419890873015873	96	193

proteins/proteins.	657	0.565900383141762	87	150

proteins/proteins.	658	0.62962962962963	18	31

proteins/proteins.	659	0.677272727272727	22	38

proteins/proteins.	660	0.361111111111111	168	372

proteins/proteins.	661	0.564596273291926	23	51

proteins/proteins.	662	0.71025641025641	13	24

proteins/proteins.	663	0.63953488372093	43	82

proteins/proteins.	664	0.279166666666667	32	64

proteins/proteins.	665	0.8	11	20

proteins/proteins.	666	0.0904513888888889	98	191

proteins/proteins.	667	0.353125	32	64

proteins/proteins.	668	0.75	10	18

proteins/proteins.	669	0.217204301075269	31	56

proteins/proteins.	670	0.666666666666667	14	27

proteins/proteins.	671	0.705128205128205	13	21

proteins/proteins.	672	0.71025641025641	13	22

proteins/proteins.	673	0.645833333333333	16	27

proteins/proteins.	674	0.280555555555556	24	44

proteins/proteins.	675	0.773333333333333	10	18

proteins/proteins.	676	0.433333333333333	18	33

proteins/proteins.	677	0.866666666666667	6	11

proteins/proteins.	678	0.633333333333333	20	33

proteins/proteins.	679	0.9	5	9

proteins/proteins.	680	0.416666666666667	8	10

proteins/proteins.	681	0.375389408099688	112	179

proteins/proteins.	682	0.724242424242424	11	22

proteins/proteins.	683	0.866666666666667	6	11

proteins/proteins.	684	0.0871794871794872	26	42

proteins/proteins.	685	0.482222222222222	30	60

proteins/proteins.	686	0.695238095238095	14	24

proteins/proteins.	687	0.0795778105056456	109	145

proteins/proteins.	688	0.844444444444444	9	17

proteins/proteins.	689	0.331481481481481	18	33

proteins/proteins.	690	0.651851851851852	18	30

proteins/proteins.	691	0.676543209876543	27	49

proteins/proteins.	692	0.661666666666667	20	35

proteins/proteins.	693	0.208333333333333	8	13

proteins/proteins.	694	0.661111111111111	18	31

proteins/proteins.	695	0.159090909090909	44	85

proteins/proteins.	696	0.690476190476191	14	23

proteins/proteins.	697	0.335294117647059	17	32

proteins/proteins.	698	0.595238095238095	21	42

proteins/proteins.	699	0.580701754385965	38	78

proteins/proteins.	700	0.12	20	34

proteins/proteins.	701	1	4	6

proteins/proteins.	702	0.565	40	74

proteins/proteins.	703	0.0216293746414228	93	124

proteins/proteins.	704	0.553459119496856	53	106

proteins/proteins.	705	0.71025641025641	13	22

proteins/proteins.	706	0.828571428571429	7	14

proteins/proteins.	707	0.866666666666667	6	11

proteins/proteins.	708	0.363333333333333	10	18

proteins/proteins.	709	0.622222222222222	27	49

proteins/proteins.	710	0.783333333333333	10	18

proteins/proteins.	711	0.803703703703704	9	16

proteins/proteins.	712	0.9	5	9

proteins/proteins.	713	0.766666666666667	22	42

proteins/proteins.	714	0.241666666666667	12	19

proteins/proteins.	715	0.365248226950355	47	94

proteins/proteins.	716	0.727272727272727	11	20

proteins/proteins.	717	0.265532879818594	42	85

proteins/proteins.	718	0.766666666666667	10	17

proteins/proteins.	719	0.643333333333333	10	20

proteins/proteins.	720	0.215873015873016	21	41

proteins/proteins.	721	0.166666666666667	10	17

proteins/proteins.	722	0.651851851851852	18	30

proteins/proteins.	723	0.64	15	27

proteins/proteins.	724	0.717948717948718	13	22

proteins/proteins.	725	0.448888888888889	60	98

proteins/proteins.	726	0.461672473867596	41	92

proteins/proteins.	727	0.9	5	9

proteins/proteins.	728	0.726666666666667	15	28

proteins/proteins.	729	0.670833333333333	16	26

proteins/proteins.	730	0.759259259259259	9	17

proteins/proteins.	731	0.155072463768116	24	40

proteins/proteins.	732	0.841666666666667	8	14

proteins/proteins.	733	0.722222222222222	12	21

proteins/proteins.	734	0.866666666666667	6	11

proteins/proteins.	735	0.259147869674185	38	69

proteins/proteins.	736	0.665333333333333	25	45

proteins/proteins.	737	0.373809523809524	14	25

proteins/proteins.	738	0.708333333333333	12	22

proteins/proteins.	739	0.69047619047619	35	70

proteins/proteins.	740	0.157017543859649	42	66

proteins/proteins.	741	0	24	38

proteins/proteins.	742	0.518390804597701	29	50

proteins/proteins.	743	0.4	10	15

proteins/proteins.	744	0.866666666666667	6	11

proteins/proteins.	745	0.645833333333333	16	27

proteins/proteins.	746	0.242424242424242	22	55

proteins/proteins.	747	0.237422360248447	46	92

proteins/proteins.	748	0.833333333333333	4	5

proteins/proteins.	749	0.386666666666667	10	16

proteins/proteins.	750	0.0555555555555556	38	50

proteins/proteins.	751	0.677777777777778	15	28

proteins/proteins.	752	1	4	6

proteins/proteins.	753	0.563636363636364	11	22

proteins/proteins.	754	0.715555555555556	15	28

proteins/proteins.	755	0.59375	16	36

proteins/proteins.	756	0.707692307692308	13	25

proteins/proteins.	757	0.666666666666667	16	27

proteins/proteins.	758	0.545833333333333	64	129

proteins/proteins.	759	0.0594202898550725	140	183

proteins/proteins.	760	0.657575757575757	11	20

proteins/proteins.	761	0.130823680823681	150	271

proteins/proteins.	762	0.618803418803419	39	71

proteins/proteins.	763	0.236011904761905	33	65

proteins/proteins.	764	0.844444444444444	6	12

proteins/proteins.	765	0.71025641025641	13	26

proteins/proteins.	766	0.486666666666667	10	21

proteins/proteins.	767	0.296376811594203	46	77

proteins/proteins.	768	0.766666666666667	10	17

proteins/proteins.	769	0.461538461538462	13	27

proteins/proteins.	770	0.622222222222222	51	89

proteins/proteins.	771	0.666666666666667	15	28

proteins/proteins.	772	0.691452991452992	39	74

proteins/proteins.	773	0.35959595959596	22	45

proteins/proteins.	774	0.636363636363636	22	40

proteins/proteins.	775	0.813333333333333	10	17

proteins/proteins.	776	0.640740740740741	27	50

proteins/proteins.	777	0.688888888888889	15	26

proteins/proteins.	778	0.374007936507937	24	46

proteins/proteins.	779	0.352777777777778	12	19

proteins/proteins.	780	0.777777777777778	9	19

proteins/proteins.	781	0.531926406926407	44	103

proteins/proteins.	782	0.68030303030303	22	41

proteins/proteins.	783	0.615151515151515	33	57

proteins/proteins.	784	0.748888888888889	15	28

proteins/proteins.	785	0.803703703703704	9	16

proteins/proteins.	786	0.57843137254902	34	73

proteins/proteins.	787	0.533333333333333	10	22

proteins/proteins.	788	0.168333333333333	20	28

proteins/proteins.	789	0.211538461538462	26	48

proteins/proteins.	790	0.759259259259259	9	17

proteins/proteins.	791	0.644102564102564	65	113

proteins/proteins.	792	0.841666666666667	8	14

proteins/proteins.	793	0.530839002267574	21	42

proteins/proteins.	794	0.241379310344828	29	45

proteins/proteins.	795	0.196969696969697	22	42

proteins/proteins.	796	0.698550724637681	23	41

proteins/proteins.	797	0.635294117647059	17	30

proteins/proteins.	798	0.8	8	16

proteins/proteins.	799	0.574358974358974	13	30

proteins/proteins.	800	0.126923076923077	26	44

proteins/proteins.	801	0.516719576719577	45	94

proteins/proteins.	802	0.193162393162393	39	71

proteins/proteins.	803	0.232692307692308	52	98

proteins/proteins.	804	0.718666666666667	25	44

proteins/proteins.	805	0.651428571428572	35	71

proteins/proteins.	806	0.75	10	18

proteins/proteins.	807	0.138888888888889	12	21

proteins/proteins.	808	0.866666666666667	6	11

proteins/proteins.	809	0.0702380952380952	28	46

proteins/proteins.	810	0.744791666666667	32	58

proteins/proteins.	811	0.587179487179487	13	23

proteins/proteins.	812	0.281469979296066	24	43

proteins/proteins.	813	0.143055555555556	24	46

proteins/proteins.	814	0.519047619047619	35	75

proteins/proteins.	815	0.712121212121212	11	21

proteins/proteins.	816	0.8	9	18

proteins/proteins.	817	0.198245614035088	19	32

proteins/proteins.	818	0.719791666666667	16	34

proteins/proteins.	819	0.229411764705882	17	34

proteins/proteins.	820	0.577272727272727	22	44

proteins/proteins.	821	0.783333333333333	10	19

proteins/proteins.	822	0.176190476190476	21	37

proteins/proteins.	823	0.371264367816092	29	52

proteins/proteins.	824	0.208333333333333	20	37

proteins/proteins.	825	0.828571428571429	7	13

proteins/proteins.	826	0.605555555555556	18	38

proteins/proteins.	827	0.695555555555556	15	27

proteins/proteins.	828	0.588235294117647	17	30

proteins/proteins.	829	0.223777348777349	74	147

proteins/proteins.	830	0.726086956521739	46	86

proteins/proteins.	831	0.711111111111111	6	11

proteins/proteins.	832	0.712121212121212	11	21

proteins/proteins.	833	0.22734693877551	70	121

proteins/proteins.	834	0.158333333333333	20	35

proteins/proteins.	835	0.9	5	9

proteins/proteins.	836	0.536324786324786	78	132

proteins/proteins.	837	0.684444444444444	15	28

proteins/proteins.	838	0.607142857142857	28	52

proteins/proteins.	839	0.182326621923937	149	237

proteins/proteins.	840	0.23718820861678	63	114

proteins/proteins.	841	0.500621118012422	23	54

proteins/proteins.	842	0.623456790123457	27	57

proteins/proteins.	843	0.641666666666667	36	72

proteins/proteins.	844	0.556589147286822	43	78

proteins/proteins.	845	0.549358974358974	52	102

proteins/proteins.	846	0.505555555555556	30	59

proteins/proteins.	847	0.741666666666667	8	16

proteins/proteins.	848	0.508695652173913	23	45

proteins/proteins.	849	0.645	20	37

proteins/proteins.	850	0.9	5	9

proteins/proteins.	851	0.355714285714286	20	43

proteins/proteins.	852	0.791666666666667	8	15

proteins/proteins.	853	0.603030303030303	33	61

proteins/proteins.	854	0.6875	16	30

proteins/proteins.	855	0.633333333333333	14	26

proteins/proteins.	856	0.33768115942029	23	46

proteins/proteins.	857	0.712121212121212	11	19

proteins/proteins.	858	0.123630952380952	84	131

proteins/proteins.	859	0.828571428571429	7	13

proteins/proteins.	860	0.730952380952381	14	26

proteins/proteins.	861	0.753333333333333	15	27

proteins/proteins.	862	0.766666666666667	10	17

proteins/proteins.	863	0.27687074829932	56	138

proteins/proteins.	864	0.0635792778649921	93	160

proteins/proteins.	865	0.204166666666667	32	60

proteins/proteins.	866	0.712121212121212	11	19

proteins/proteins.	867	0.791666666666667	8	15

proteins/proteins.	868	0.866666666666667	6	11

proteins/proteins.	869	0.261111111111111	12	23

proteins/proteins.	870	0.681944444444444	24	44

proteins/proteins.	871	0.60515873015873	12	24

proteins/proteins.	872	0.659722222222222	24	46

proteins/proteins.	873	0.198039215686275	34	61

proteins/proteins.	874	0.513636363636364	22	47

proteins/proteins.	875	0.644444444444444	21	43

proteins/proteins.	876	0	7	6

proteins/proteins.	877	0.741071428571429	8	16

proteins/proteins.	878	0.614705882352941	34	62

proteins/proteins.	879	0.107277374226527	66	99

proteins/proteins.	880	0.8	5	7

proteins/proteins.	881	0.682352941176471	17	32

proteins/proteins.	882	0.841666666666667	8	14

proteins/proteins.	883	0.514666666666667	25	56

proteins/proteins.	884	0.66078431372549	17	29

proteins/proteins.	885	0.489080459770115	58	130

proteins/proteins.	886	0.323809523809524	28	44

proteins/proteins.	887	0.21140350877193	46	67

proteins/proteins.	888	0.595833333333333	24	51

proteins/proteins.	889	0.28	15	27

proteins/proteins.	890	0.796296296296296	9	15

proteins/proteins.	891	0.9	5	9

proteins/proteins.	892	0.573015873015873	21	39

proteins/proteins.	893	0.791666666666667	8	15

proteins/proteins.	894	0.677777777777778	12	23

proteins/proteins.	895	0.780701754385965	19	32

proteins/proteins.	896	0.9	5	9

proteins/proteins.	897	0.8625	8	15

proteins/proteins.	898	0.631944444444445	24	44

proteins/proteins.	899	0.647101449275362	46	89

proteins/proteins.	900	0.516666666666667	10	19

proteins/proteins.	901	0.666666666666667	11	23

proteins/proteins.	902	0.60250626566416	19	42

proteins/proteins.	903	0.66	20	37

proteins/proteins.	904	0.57	20	40

proteins/proteins.	905	0.742424242424243	11	19

proteins/proteins.	906	0.533333333333333	10	19

proteins/proteins.	907	1	4	6

proteins/proteins.	908	0.640350877192983	19	34

proteins/proteins.	909	0.522222222222222	33	63

proteins/proteins.	910	0.0566666666666667	62	89

proteins/proteins.	911	0.841666666666667	8	14

proteins/proteins.	912	0.613333333333334	40	72

proteins/proteins.	913	0.638888888888889	12	20

proteins/proteins.	914	0.822222222222222	9	17

proteins/proteins.	915	0.552201257861635	53	104

proteins/proteins.	916	0.212925170068027	21	46

proteins/proteins.	917	0.626666666666667	20	38

proteins/proteins.	918	0.258982683982684	45	90

proteins/proteins.	919	0.679487179487179	13	23

proteins/proteins.	920	0.156666666666667	50	88

proteins/proteins.	921	0.866666666666667	6	11

proteins/proteins.	922	0.719444444444444	12	25

proteins/proteins.	923	0.783333333333333	12	22

proteins/proteins.	924	0.474867724867725	36	86

proteins/proteins.	925	0.667741935483871	31	64

proteins/proteins.	926	0.681372549019608	34	67

proteins/proteins.	927	0.791666666666667	8	15

proteins/proteins.	928	0.42280701754386	19	40

proteins/proteins.	929	0.645454545454545	11	23

proteins/proteins.	930	0.841666666666667	8	14

proteins/proteins.	931	0.828571428571429	7	14

proteins/proteins.	932	0.457142857142857	23	26

proteins/proteins.	933	0.780952380952381	14	26

proteins/proteins.	934	0.42	15	28

proteins/proteins.	935	0.493827160493827	27	62

proteins/proteins.	936	0.9	5	9

proteins/proteins.	937	0.303018707482993	56	129

proteins/proteins.	938	0.742424242424243	11	20

proteins/proteins.	939	0.153333333333333	20	31

proteins/proteins.	940	0.841666666666667	8	14

proteins/proteins.	941	0.796296296296296	9	15

proteins/proteins.	942	0.701515151515152	22	41

proteins/proteins.	943	0.828571428571429	7	13

proteins/proteins.	944	0.0489795918367347	40	63

proteins/proteins.	945	0.733333333333333	10	17

proteins/proteins.	946	0.570987654320988	54	96

proteins/proteins.	947	0.231018518518519	72	126

proteins/proteins.	948	0.23015873015873	30	53

proteins/proteins.	949	0.678571428571429	14	26

proteins/proteins.	950	1	4	6

proteins/proteins.	951	0.475	8	15

proteins/proteins.	952	0.322222222222222	12	23

proteins/proteins.	953	0.608974358974359	26	44

proteins/proteins.	954	0.640740740740741	18	32

proteins/proteins.	955	0.58641975308642	27	49

proteins/proteins.	956	0.0178861788617886	45	53

proteins/proteins.	957	0.803703703703704	9	16

proteins/proteins.	958	0.683333333333333	20	34

proteins/proteins.	959	0.914285714285714	7	12

proteins/proteins.	960	1	4	6

proteins/proteins.	961	0.733333333333333	10	17

proteins/proteins.	962	0.208888888888889	15	25

proteins/proteins.	963	0.82	10	19

proteins/proteins.	964	0.628205128205128	26	47

proteins/proteins.	965	0.9	5	9

proteins/proteins.	966	0.65625	16	28

proteins/proteins.	967	0.457963875205255	29	70

proteins/proteins.	968	0.645	20	35

proteins/proteins.	969	0.241666666666667	24	40

proteins/proteins.	970	0.844444444444444	6	12

proteins/proteins.	971	0.803703703703704	9	16

proteins/proteins.	972	0.638888888888889	18	32

proteins/proteins.	973	0.866666666666667	6	11

proteins/proteins.	974	0.796296296296296	9	15

proteins/proteins.	975	0.733333333333333	10	19

proteins/proteins.	976	0.9	5	9

proteins/proteins.	977	0.866666666666667	6	11

proteins/proteins.	978	0.8	10	19

proteins/proteins.	979	0.621929824561404	38	69

proteins/proteins.	980	0.165625	32	59

proteins/proteins.	981	0.828571428571429	7	13

proteins/proteins.	982	0.564705882352941	17	30

proteins/proteins.	983	0.531372549019608	17	37

proteins/proteins.	984	1	4	6

proteins/proteins.	985	0.713333333333333	15	34

proteins/proteins.	986	0.0567755476846386	77	146

proteins/proteins.	987	0.53125	16	34

proteins/proteins.	988	0.0811649659863946	58	106

proteins/proteins.	989	0.0916666666666667	36	59

proteins/proteins.	990	0.108771929824561	19	34

proteins/proteins.	991	0.541540020263425	47	94

proteins/proteins.	992	0.504347826086956	23	47

proteins/proteins.	993	0.639393939393939	11	20

proteins/proteins.	994	0	59	60

proteins/proteins.	995	0.628571428571429	14	29

proteins/proteins.	996	0.803703703703704	9	16

proteins/proteins.	997	0.348484848484848	22	34

proteins/proteins.	998	0.759259259259259	9	17

proteins/proteins.	999	0.694444444444445	12	21

proteins/proteins.	1000	0.726666666666667	15	27

proteins/proteins.	1001	0.9	5	9

proteins/proteins.	1002	0.667901234567901	27	48

proteins/proteins.	1003	0.9	5	9

proteins/proteins.	1004	0.542976190476191	40	87

proteins/proteins.	1005	0.588	25	46

proteins/proteins.	1006	0.514645103324349	53	113

proteins/proteins.	1007	0.615151515151515	55	105

proteins/proteins.	1008	0.702380952380952	14	24

proteins/proteins.	1009	0.0708571428571429	57	94

proteins/proteins.	1010	0.742222222222222	15	30

proteins/proteins.	1011	0.600380952380952	25	51

proteins/proteins.	1012	0.771212121212121	44	86

proteins/proteins.	1013	0.9	5	9

proteins/proteins.	1014	0.866666666666667	6	11

proteins/proteins.	1015	0.866666666666667	6	11

proteins/proteins.	1016	0.633333333333333	22	41

proteins/proteins.	1017	0.355128205128205	26	53

proteins/proteins.	1018	0.597142857142857	80	163

proteins/proteins.	1019	0.0925925925925926	36	66

proteins/proteins.	1020	0.712121212121212	11	19

proteins/proteins.	1021	0.185	40	87

proteins/proteins.	1022	0.71025641025641	13	22

proteins/proteins.	1023	0.9	5	9

proteins/proteins.	1024	0.697916666666667	16	26

proteins/proteins.	1025	0.00740740740740741	90	139

proteins/proteins.	1026	0.759259259259259	9	17

proteins/proteins.	1027	0.241666666666667	24	40

proteins/proteins.	1028	0.0436293436293436	41	60

proteins/proteins.	1029	0.285294117647059	34	59

proteins/proteins.	1030	0.692857142857143	14	27

proteins/proteins.	1031	0.828571428571429	7	13

proteins/proteins.	1032	0.427170868347339	17	36

proteins/proteins.	1033	0.331578947368421	19	37

proteins/proteins.	1034	0.613333333333333	10	22

proteins/proteins.	1035	0.213725490196078	34	63

proteins/proteins.	1036	0.208906525573192	56	76

proteins/proteins.	1037	0.194444444444444	24	42

proteins/proteins.	1038	0.582828282828283	33	52

proteins/proteins.	1039	0.604901960784314	34	65

proteins/proteins.	1040	0.541666666666667	20	43

proteins/proteins.	1041	0.9	5	9

proteins/proteins.	1042	1	4	6

proteins/proteins.	1043	0.791666666666667	8	15

proteins/proteins.	1044	0.653703703703704	18	32

proteins/proteins.	1045	1	4	6

proteins/proteins.	1046	0.692307692307692	13	22

proteins/proteins.	1047	1	4	6

proteins/proteins.	1048	0.642592592592593	18	33

proteins/proteins.	1049	0.748484848484849	11	21

proteins/proteins.	1050	0.13030303030303	22	36

proteins/proteins.	1051	0.738888888888889	12	22

proteins/proteins.	1052	0.4	32	62

proteins/proteins.	1053	0	20	23

proteins/proteins.	1054	0.0547619047619048	16	19

proteins/proteins.	1055	0.9	5	9

proteins/proteins.	1056	0.866666666666667	6	11

proteins/proteins.	1057	0.733333333333333	10	17

proteins/proteins.	1058	0.866666666666667	6	11

proteins/proteins.	1059	0.866666666666667	6	11

proteins/proteins.	1060	0.611111111111111	24	41

proteins/proteins.	1061	0.597222222222222	24	41

proteins/proteins.	1062	0.828571428571429	7	13

proteins/proteins.	1063	0.32962962962963	18	35

proteins/proteins.	1064	0.707843137254902	17	32

proteins/proteins.	1065	0.8	8	16

proteins/proteins.	1066	0.0638888888888889	64	86

proteins/proteins.	1067	0.711904761904762	14	26

proteins/proteins.	1068	0.803703703703704	9	16

proteins/proteins.	1069	0.748484848484849	11	20

proteins/proteins.	1070	0.841666666666667	8	14

proteins/proteins.	1071	0.197132616487455	33	58

proteins/proteins.	1072	0.437254901960784	17	32

proteins/proteins.	1073	0.242162698412698	96	204

proteins/proteins.	1074	0.411904761904762	14	28

proteins/proteins.	1075	0.458333333333333	16	25

proteins/proteins.	1076	0.0348739495798319	72	109

proteins/proteins.	1077	0.656060606060606	22	38

proteins/proteins.	1078	0.866666666666667	6	11

proteins/proteins.	1079	0.866666666666667	6	11

proteins/proteins.	1080	0.857142857142857	8	16

proteins/proteins.	1081	0.808888888888889	15	27

proteins/proteins.	1082	0.914285714285714	7	12

proteins/proteins.	1083	0.440476190476191	14	26

proteins/proteins.	1084	0.44981684981685	26	50

proteins/proteins.	1085	0.25	8	11

proteins/proteins.	1086	0.641975308641975	27	47

proteins/proteins.	1087	0.645833333333333	24	41

proteins/proteins.	1088	0.71025641025641	13	24

proteins/proteins.	1089	1	4	6

proteins/proteins.	1090	0.605263157894737	38	65

proteins/proteins.	1091	0.709523809523809	21	38

proteins/proteins.	1092	0.2	10	15

proteins/proteins.	1093	0.634920634920635	21	38

proteins/proteins.	1094	0.828571428571429	7	13

proteins/proteins.	1095	0.651851851851852	18	30

proteins/proteins.	1096	0.844444444444444	12	24

proteins/proteins.	1097	0.866666666666667	6	11

proteins/proteins.	1098	0.775757575757576	11	21

proteins/proteins.	1099	0.783333333333333	10	18

proteins/proteins.	1100	0.597701149425287	29	50

proteins/proteins.	1101	0.207407407407407	36	64

proteins/proteins.	1102	0.828571428571429	7	13

proteins/proteins.	1103	0.766666666666667	20	34

proteins/proteins.	1104	0.532142857142857	16	35

proteins/proteins.	1105	1	4	6

proteins/proteins.	1106	0.866666666666667	6	11

proteins/proteins.	1107	0.9	5	9

proteins/proteins.	1108	0.624242424242424	22	38

proteins/proteins.	1109	0.9	5	9

proteins/proteins.	1110	0.702222222222222	15	27

proteins/proteins.	1111	0.697916666666667	16	29

proteins/proteins.	1112	0.9	5	9

proteins/proteins.	1113	0.68	40	74

